attendance_pct,assignment_completion_rate,average_assignment_marks,average_quiz_marks,mid_sem_score,learning_activity_score,predicted_grade_pct,risk_level
65.59970653660494,0.6737671654593748,52.80372618242171,51.283214084605824,49.7819235335366,65.00085940889998,54.74837152007955,MODERATE
97.28928685254539,0.8393584326544438,78.96563815889861,71.48960497803878,73.0500560457355,79.33700381506979,81.95495828742565,LOW
85.25966679962728,0.8906164530968692,81.83102943800569,58.698219548739985,61.29281069308953,70.45567398322208,76.6072733650113,LOW
77.92621663083702,0.8403207408367526,81.09060839259936,66.0641401178014,59.941195671620115,63.32715304686611,83.0113981855849,LOW
53.581025224334006,0.5917892970364441,50.01722863750789,46.88345046139518,40.4581917156156,48.01440450931659,49.348121386289925,HIGH
53.57969861849114,0.6438750587403737,60.17725764129774,30.674719693985256,29.53169902413423,45.57698823800047,45.2143765165234,HIGH
48.19459866925097,0.5653382021474002,53.42893153816362,35.58704002274837,38.11586864410067,43.75663974044946,47.666217468780204,HIGH
92.63968801762144,0.972314888099058,89.48289938321611,72.54049993050802,69.6087769272497,81.81291152847639,78.69428043408229,LOW
78.06132564587648,0.7735966853129,77.27708154388368,50.89387684027366,40.46420058730499,81.3087161981239,65.88960337282279,MODERATE
83.9439917787825,0.6733438244362259,67.21942195388421,74.21829804261981,66.4932609207346,79.36271461865985,72.37048353713544,LOW
46.13214718626914,0.5042832937759499,47.142297241067126,28.552572318600312,26.755079384698405,53.605193462674556,42.90056338703868,HIGH
98.34504186890969,1.0,99.44917956248769,87.02842923052138,82.29867974736617,92.8830635093744,96.88342244018432,LOW
90.7843452440232,0.9350013361597693,91.87974730401656,74.19653215029088,80.34941642672537,74.8775388057512,85.37969743057202,LOW
56.67865108730519,0.4391116532910209,38.82825558902081,34.93449507470574,26.25783060897546,60.06132899732313,40.50329980755797,HIGH
55.000373196390534,0.44189807792307906,32.15102259861071,40.830891221638794,41.31729286973623,49.50227618829492,40.50604988295755,HIGH
55.087248041938864,0.656187765752679,57.03804692472839,29.634876159685973,35.59869789334312,56.85195537344522,46.05492356615544,HIGH
61.73332336277457,0.6133777182420802,53.64775593486177,44.378805327565075,53.517113788300804,56.20589816307943,56.33586349297712,MODERATE
73.86160373977307,0.8067661071349932,76.27427836537748,60.052200313076696,55.02760318150305,79.04272825711165,65.82805617078485,MODERATE
68.75697602531636,0.6904015978662097,55.06385399512873,57.47905190468966,57.06224657305618,60.27661041018865,60.101657871703516,MODERATE
61.017602710892305,0.6131516410584976,55.359938487291885,47.90543175407984,48.358961952369086,54.39669158419924,52.16374518931159,MODERATE
78.65190920973087,0.8803474726949085,86.72835576755428,63.336052813566766,61.14665883065488,81.53497247903267,77.92906758178168,LOW
52.6721623358623,0.47511715053688564,38.25571731192154,46.030672547796854,43.23491291421048,42.6306179614163,50.814600932810336,HIGH
61.067955669437,0.6202916343884683,60.32158753669781,47.56967611395784,47.371069255760176,62.78814429301354,52.356661637196446,MODERATE
65.14990138115304,0.6052714849410261,55.34880135207723,49.35014084825325,34.221403379742156,66.62644891964,47.891494311916674,HIGH
70.08384913193697,0.6573888685761381,58.12770777684668,48.620709173967185,49.60002116558198,72.79465085375757,58.75217220899925,MODERATE
88.18467787661575,0.8509295664192935,71.97961877165172,66.23162039452201,63.55092889310574,90.03652851406211,75.497039884029,LOW
55.982058018709786,0.5820339573504691,50.80019702994513,36.20853911225573,33.28573767275161,64.29768479810087,48.17047944408134,HIGH
73.28289411274864,0.6849540789611386,57.96152640563889,65.78733106393663,72.73227548933758,59.93185044152819,66.16100952576895,MODERATE
77.58280128741234,0.9014036254314755,75.24810995816149,65.47117316706039,58.8229444147546,78.50302748498792,72.71212915439928,LOW
47.55477269959987,0.38608699677404834,36.63636287893511,29.565609661642753,26.07194923323546,50.970016832827525,37.59085137375978,HIGH
78.41496685457912,0.7654625041296552,72.42527753017272,60.89368280552627,67.80676517627361,75.67881617112512,75.00869679215097,LOW
54.378826802801036,0.4998151622005929,44.06287508609459,48.834674609154014,42.23263435444702,46.07005997453473,42.01423465654046,HIGH
48.57783761419037,0.630476164577277,56.72019377964523,27.63016100413489,23.49807653924545,51.86601342026537,43.51897145849299,HIGH
97.18870454893333,0.9915425231404909,92.9889361850659,72.01364262823324,67.67783337966733,97.40061525117163,87.39658748259882,LOW
98.10976181910077,1.0,86.38583496165168,77.33040237731944,77.66755466910121,96.72418084606957,85.50304217177406,LOW
89.46185414640536,0.7460625041603564,63.89576074903279,79.18640221623937,76.26609464219396,80.3520965332213,81.85502944244149,LOW
61.753757304535384,0.6442425996322797,55.30568175186741,40.24808058343015,31.772549818497332,50.20196530935019,49.41399116911267,HIGH
50.37196627035111,0.5926827422658548,54.62768345864375,33.660497888688724,29.316630178618336,47.54344281628499,45.92867622424167,HIGH
82.63281645816863,0.8345565635092288,71.09880058760346,58.730335269192594,52.75704633967191,82.63405939854601,71.9802785629216,LOW
69.20838715567807,0.7986319090633158,65.53728323405674,47.252608592193454,44.503872936468554,69.39669175384579,59.88070774310048,MODERATE
51.71210291646283,0.4653921841545911,34.22124417720571,30.48085118565981,31.086026919525963,50.5565554450494,33.71383345407691,HIGH
72.23473005611986,0.8632820445797565,86.30472788010357,54.651095722415384,54.00956971573447,58.88981474807251,70.29770987351182,MODERATE
46.89136866133701,0.6988034989752951,60.33432934477841,39.39574143133301,28.54589558952435,46.050989485535666,51.99533898654423,HIGH
95.01262211433301,0.9138423650993642,90.61720578830491,72.08821043530594,73.80350485134491,85.39059648582409,84.6783396073594,LOW
59.232898988000926,0.5477787377399321,50.913765468987386,40.90013338816142,40.11797094873646,65.95742984828345,47.372658473940625,HIGH
81.438725639469,0.9597257041064601,95.07969990542944,58.44978933154036,62.44996010293287,77.97270258321839,82.5599689966473,LOW
62.1441091849176,0.7793983064222473,68.88289884798392,52.53207814541114,52.12646587459395,55.948345681027064,61.760506813220395,MODERATE
73.60374116477959,0.6837514089324691,58.07629219085781,62.34386305029585,64.73328468645987,69.3893582208381,63.944033426782084,MODERATE
75.06906536388038,0.708671971929218,69.14988262193323,49.75396848310578,49.59899661620113,61.37635844754751,64.5160794400877,MODERATE
55.16699505390399,0.5234914896529892,46.59156571962423,34.65073957947217,39.6493313815123,63.58496075611792,48.73174038025654,HIGH
98.32715452705072,0.8488264941670794,78.03910178237481,70.3298693003392,69.42462901541113,85.86292166025511,88.40350828319333,LOW
87.6323052848613,0.7844578582001932,72.90999049360558,63.694768333096754,60.0204536842274,79.66319132615178,75.94245612740188,LOW
96.6724417860304,0.8663103411850972,84.81565911123182,75.06209148762133,82.67116051547467,84.4436329135628,89.63974606749517,LOW
94.21550427352068,0.8653752862247939,80.25331176966725,71.71129910561115,72.57091976173005,89.02263802114055,80.35081352539302,LOW
77.88449883460967,0.7753764996074186,66.26997924361558,52.313490472348505,52.56653805375314,75.5522422342796,62.951993877362064,MODERATE
95.70308292627143,0.9804523025163664,96.9801152836378,74.55663954340548,64.44728548354352,90.86891255159986,87.13753116729971,LOW
49.86708761285557,0.6537209254099634,64.16939232976779,32.23255236500226,24.17938665943446,45.256534682522876,48.30720379922131,HIGH
55.779057433052984,0.4579551702566507,40.4739476481253,47.07161736967568,46.18161391190116,50.936615569723706,43.99410598788212,HIGH
47.487500890079595,0.5733072487484543,43.20483920056155,33.260326398749584,32.324916067653305,40.49502533398783,42.20084233751817,HIGH
62.89316819197954,0.6075327974972445,50.724690048880746,42.275909133619614,37.09150085189705,63.424733990505885,52.47509586825348,MODERATE
66.37725093292151,0.6588261383639719,55.70256448630871,54.32067187330206,52.30955177769726,53.89774329305026,60.093537251856134,MODERATE
59.924196747564274,0.6667239166923031,61.24359180666234,49.88669346231715,55.335493429419266,59.8930041085206,60.35577215432545,HIGH
90.5805630033561,0.7935334278773312,70.44843091960503,75.24597053853219,74.96068438435707,89.85836809971757,79.31217654696381,LOW
64.62143296814742,0.6844553042998792,68.29356266957177,53.32927711147601,44.957770707138515,69.51378934031061,58.96549820426692,MODERATE
60.45139803280594,0.621159201149365,52.57447941879336,50.10800548879743,47.04506107864284,57.34187363364399,52.95736853924195,MODERATE
74.84828457370367,0.7977279721378515,66.07349300014161,58.86643925897155,51.89828489176017,69.0647014232244,62.80913264874523,MODERATE
52.75083237361194,0.5564251881269012,46.453916787517834,29.318978858580067,25.91453033360826,43.7400495590499,48.08264312524991,HIGH
89.12083394147218,1.0,86.89452109800483,70.0675576125506,64.49610140377484,84.71196766203846,82.4535437763647,LOW
49.10028540238739,0.42722885559874235,31.86328972788283,40.43184924584219,36.02202887053005,55.70541672936683,39.24395061014647,HIGH
99.27878151302845,0.9396881196301027,92.16043571695491,87.81146997410812,77.14521961553574,84.31612630251702,87.76951427681337,LOW
87.47346231131615,0.812420570470685,67.70525743778087,64.80299317742603,60.92457011096378,78.40478748172022,81.69332520012452,LOW
55.92936248437948,0.5037459129277694,49.37793362744032,42.680450947213785,37.74339021561654,61.520276722808994,44.613774310408175,HIGH
45.30371644179813,0.3892984516873295,30.920333080516496,24.336725865911134,8.472646122604237,53.785382506684265,30.0,HIGH
89.85037856501589,1.0,97.86794314309813,67.6751253356989,74.55622919142226,76.74390245729724,88.23960557452598,LOW
83.87715391161893,0.9808219639151747,97.90659723055391,59.564609509629676,62.03022730523155,78.11313582012244,83.29964302899441,LOW
85.0953942422543,0.7938793130475953,73.05741740284495,71.1469340296599,65.70808370355192,71.92617840651998,78.13384561779517,LOW
87.419869067727,0.7909631333668472,74.67070272187237,64.83070371173315,61.68326377484948,71.97347053697273,79.8711737829402,LOW
49.07245584537497,0.53786611409239,46.496604002274964,38.88397056696309,31.08150030202713,57.48037470413912,45.527625285130355,HIGH
64.715615069935,0.5919338462712528,50.535386326107016,39.46268397393567,45.96816416429321,68.18264214059019,49.63670107212829,HIGH
51.37279827388213,0.5770211645143725,57.04603036680304,33.50803281582643,41.31907464890067,56.298936655169186,48.27920910467563,HIGH
92.47068842315764,0.9449991863167064,92.65486920481446,76.73338357733505,73.6801830397009,74.95187711478893,87.62591846382571,LOW
79.28139697551569,0.6412395582554338,55.744319878786996,65.96302003211866,67.78252225143945,80.2996934346177,73.03065816703034,LOW
63.1993913668957,0.7867444338019632,73.52693308260645,53.060920528773266,51.28430839700422,59.32039461162424,60.00533094284893,MODERATE
48.4957092657313,0.6645448599668652,55.516883683444796,29.753319161283613,21.58202600883978,45.644469878502235,48.358453728433176,HIGH
62.10402769436142,0.5597614078951756,46.191766060638464,51.51931266496673,46.88423018690011,60.61274937599667,53.114855602941894,MODERATE
62.885082711471085,0.5900806711211124,46.324001667262635,44.6905091217742,43.11562349954527,52.135131023647986,53.99367383536374,MODERATE
85.12833980859352,0.8798699371584258,77.5996013158042,71.32280528922702,65.48392643104845,83.2356028339228,77.36925626816176,LOW
80.06566092453673,0.8341022882440698,76.96126266355476,58.81971593620569,54.785463752220224,75.7012302773953,69.02101747117983,MODERATE
93.79670084169797,1.0,89.90550066408352,68.1182361867174,64.25532658983595,78.76916261082172,86.24696946062417,LOW
70.97182088390721,0.910738662715707,86.94314865773943,48.314133932623434,45.49403474666495,60.54210070250669,71.44904244669064,MODERATE
51.57768352660659,0.49808211251666096,45.213508769992906,31.202888555330297,29.904036580051198,44.947119852738766,45.24644125842874,HIGH
84.22846329726472,0.7624549085188018,64.41071345306828,72.05116885369321,63.14558507902554,68.52281838885047,71.99349625308845,LOW
86.84317767392936,0.7304998539378409,66.35369264776035,76.39116096684604,68.98652217286406,81.2305111265772,72.7132278991302,LOW
75.87024586632229,0.685609454669031,56.58524035912782,54.30424470994235,45.166111145945386,77.503160244828,55.9005113270069,MODERATE
87.40319489750085,0.8707192516876289,74.73558956373871,71.29593113186375,72.62021232370157,70.27252019774845,81.27203682956242,LOW
72.15875780004149,0.9010433643521936,77.2409013703001,56.2959574919704,42.952924908170246,58.70709913945866,69.17221231062987,MODERATE
73.75030561600967,0.6857419262564796,54.82466408802984,65.75229319854088,68.23263025519847,70.45565002654665,63.04189345208603,MODERATE
68.51475600972023,0.7075263552610922,64.28785721840977,56.47175142324723,60.57991083839908,71.20171851549723,62.78457249722591,MODERATE
46.39805197092524,0.46233823010197717,41.45082073538063,41.08471869634344,37.51957982661316,43.65321938811286,41.16363896202595,HIGH
50.934028484631746,0.6281796121911258,54.084980020200874,28.25691018414362,13.828379235799943,47.73951076385984,38.23270538790932,HIGH
46.72860521277038,0.719979294715066,66.4303431199422,37.187811027122734,33.521867665930145,49.30981412015183,48.91892450134318,HIGH
80.00257261950793,0.7469388489030472,65.67777238830122,60.855571966096974,57.49187256134803,69.48631587808929,64.84938822226309,MODERATE
62.28957895919797,0.5739518453401574,46.81139659435837,55.28103465005556,47.463991817908216,50.36383048891206,52.43203809391761,MODERATE
72.97138801405865,0.8341299678474937,73.08692150736732,52.33730138653962,47.14434434817142,73.08168077327883,64.08989848069544,MODERATE
94.91615606593513,1.0,94.38170669469818,78.96399354425974,82.6667698613635,88.44592311157716,85.82140393146975,LOW
58.71107260318812,0.7717814586054845,74.67524283506717,34.881581603716,36.46213833503891,58.58397806366368,63.51573633791972,HIGH
67.57106076695963,0.7341034262021927,66.95240254328615,43.051590911582956,36.276190794113305,68.89053119340417,62.11301620924214,MODERATE
86.55531261986768,0.8296239171199707,80.82347955076844,71.39396899064596,59.8362746931365,82.74886684713489,74.62834882212283,LOW
57.58389910203924,0.6349044740896232,50.1389918812052,33.80629127802596,30.480890126075806,50.184759045197815,48.438675764035345,HIGH
49.23389504058361,0.6032093084641269,55.132768935344835,24.38735206654967,22.100700566469996,46.436736971333914,44.47044381368435,HIGH
60.93632991025724,0.6914115172223089,66.82425551388103,38.33438363675256,38.89866039173152,51.2712667617783,59.41446630254882,MODERATE
53.86717079897024,0.5893991111004322,58.558194711456956,31.58302676396864,27.32729186293191,45.69087690753382,44.69442535131473,HIGH
96.13337087884152,1.0,90.31266420570273,81.53985906877557,80.0203639921461,90.43061163020401,93.1228807818289,LOW
89.44662087604294,1.0,90.44646523817885,68.96791081128353,75.1952854710205,88.72929884048432,83.71379933183127,LOW
79.83720660807329,0.9365879651844856,88.54973401972919,70.5083676679186,71.06045439674399,83.12441696368141,76.92631345174867,LOW
92.93033246032448,0.9941743133622091,98.34175300350614,81.73894047785863,77.41155091731184,86.91120831924849,92.64619699947545,LOW
89.20196422945129,0.8753078342628274,81.38635000285426,60.303915565840356,56.37296743228187,75.04359785078019,79.96915216571853,LOW
55.26135323873197,0.567284901030652,52.0602276771143,43.202432926340556,39.25894560912417,46.32208949996419,57.43554972578932,HIGH
94.09074491694878,1.0,89.84319040397486,69.71799218427697,72.13529713732385,91.52961536429419,82.26906629006659,LOW
74.6638233053608,0.6649446659548843,57.40777785369808,51.06413991428839,45.374365688817456,71.30618817148863,61.823323459237095,MODERATE
89.40920853402343,0.9309594162275244,87.62703569978935,63.307822260476506,60.36854469245259,83.89306724749315,78.56393084804746,LOW
94.28502149579214,0.9035163337251853,87.08324505869366,64.90395339816979,61.91474523766672,91.0572589717279,83.36342983333013,LOW
62.49019112345251,0.6277763935280068,47.957099860466805,51.41124230596991,46.33175922661375,64.05769745341105,49.59503818642442,HIGH
51.05285584902222,0.6383737447509521,57.027350157153485,45.14055372692601,36.0211983011592,57.53144973633972,46.78267106498326,HIGH
57.53643393980679,0.5944742462000582,49.12331108330226,43.55896018593439,42.99588469472601,47.153425261043004,48.38744644611404,HIGH
68.4909283744441,0.6895529385600558,66.84699934233016,59.040222140420745,55.783191174122784,69.74315543448537,64.42733970048631,MODERATE
89.99081212573712,0.7639225071593793,69.10840522104695,80.54321312992231,79.01725482060904,89.0097048470316,77.1953310780818,LOW
92.3401820790989,0.998027177393711,99.38966694132912,75.89762732835929,69.43474442974549,79.5948465124454,90.15162593295592,LOW
45.382367179215485,0.5183720899062624,44.25538222196949,25.169365439789207,30.015003661864984,49.114839223237446,43.0441081020053,HIGH
73.09110164176612,0.9472364887482072,80.2633877680552,54.45837765308808,47.351589864374446,64.75612259015234,71.98497692825262,MODERATE
67.95760517318284,0.6487982282365283,59.116722128865824,54.906284871657476,60.721172048164064,73.52550546819536,66.73709530842413,MODERATE
57.215929575890165,0.5940743285252956,58.822492663905884,38.407496508446755,27.748939133883106,46.44121510942221,50.47911267923811,HIGH
51.59259520335255,0.5408643204046011,53.62209517666996,41.79297207684108,41.87717379578348,52.86993303934114,45.410327840737,HIGH
63.56883442719953,0.7934336722483428,73.52356582563124,56.92432206303788,56.4552593725191,54.185138482749934,70.09443487150736,MODERATE
96.86003371518856,0.9590707839131904,93.50670434437113,71.88696261494117,64.31482914448969,91.73243107569404,83.80828778790891,LOW
62.77616126114154,0.6556637651884493,65.21609507392215,44.0236834377472,43.9444689551649,53.73873467728647,59.95672236734443,MODERATE
73.53348419588514,0.7961244929305052,68.26924508379788,50.93408328627743,54.78497247076435,63.53445259467526,70.71085935063813,MODERATE
83.66604273923478,0.8553213397079836,78.65428883757001,74.520678131558,59.71055002820978,76.82025041230298,77.90017874738781,LOW
64.99962813086117,0.6053529198535588,56.196620405766055,41.757272761162014,42.183133160557986,70.2964015046265,49.59109703875214,HIGH
98.44801454965284,1.0,86.49875225475279,76.2126890939615,59.93570053761304,82.9926990826817,81.90109867318887,LOW
97.93460122181611,1.0,98.25791559699212,76.8732340853817,68.20124836349657,81.23248139981497,93.18759739086404,LOW
58.848026270395025,0.4858287327628442,34.24409084195464,40.4709426810649,46.59322737151638,62.25795765339663,45.44237908906464,HIGH
72.3486678240812,0.7367836456554996,68.96886380488966,47.8251361043058,42.52496913213024,67.89132490594359,62.298622438973624,MODERATE
61.548307039922335,0.545470988905306,41.22104380590038,43.65474620475196,35.6026090724695,67.4743478795733,49.81960953873279,HIGH
60.66622719076072,0.7261669348000915,63.57255033281722,42.980596873921066,39.8418783853016,51.46527289580543,58.456632197285316,MODERATE
47.02878210449931,0.3179691305666156,19.39630266053925,22.51232075273406,31.726236405915117,50.54158354406023,31.934302981008383,HIGH
78.52603836889432,0.7293681989617844,58.17662244802147,55.53883119063353,43.60347839507172,67.47841361815176,61.54170343260369,MODERATE
72.64734627758739,0.764194650282326,72.09338346095143,56.53673554080594,48.45334920556892,61.2530855951027,64.8812770239072,MODERATE
47.83133131874941,0.6348657161109282,49.06953932997892,28.90025818621592,34.94240369280325,51.933653358144944,47.645419346213075,HIGH
60.32555553301363,0.5966805292228375,53.82582449874745,46.508390545876495,53.471482736271334,60.13413682458557,56.81931666862196,MODERATE
94.95462372816596,0.8940262846123397,83.61994989018014,80.8816521056794,76.320413378944,91.06024814977938,84.67846816355896,LOW
58.17590398668348,0.7698747468108937,71.88166811727179,40.42127605025995,32.20494873511374,52.729974718270434,59.81303232169339,HIGH
52.96921796501727,0.3848907896085483,30.367964850641048,29.108654206236515,38.132439004970486,51.33480749965762,38.213341134583025,HIGH
71.91990181526597,0.4993184224906515,47.61966660138784,46.14512123343013,51.81007713050461,65.64535497882116,52.10346552963549,MODERATE
99.21077497608303,1.0,91.69432771962983,82.45159191636493,81.72374725935785,99.05040926019672,89.16185181654448,LOW
58.31303993313252,0.5329249768960641,45.166925503456355,41.92818661538537,35.769765539929004,52.495411081293774,44.37082460395249,HIGH
81.96745510732332,0.7175512693601618,60.32659974694313,69.53799162519377,65.81594533974389,71.470308852794,69.11344051588583,MODERATE
86.88907884307946,0.9397264331607299,81.46789388700921,58.287548768793854,54.571370925130005,76.60222725103571,79.54371901528677,LOW
58.07006491958198,0.6050807205729396,53.901451802607596,32.64070027026507,32.6629217798297,57.74793356147202,46.082493842555664,HIGH
85.05189917365227,0.7941111286628499,74.8761141260126,63.5565306621381,67.63371131968788,73.08797422419673,75.51931940117156,LOW
65.22807229955893,0.5242502831284999,48.53500485309357,42.61698387605357,44.8832198879379,70.48825664723263,49.703647057204,HIGH
79.77682068264687,0.8850139396544833,85.58203641487525,57.49713538870819,49.235398234348985,69.13516784344277,72.3056462005595,LOW
79.84413409184921,0.8634614587143583,85.48143213845046,59.996556301874925,63.87921073687886,81.79162190468327,71.52851539499154,LOW
74.46760762411172,0.7347584898631789,68.3391293037972,65.95388692192259,64.22185327589223,61.64358737222108,68.79890058592214,MODERATE
49.965937352992455,0.6843230731346912,64.37859193150737,35.874056766639995,37.515682907602574,53.104003930387016,51.15410737524695,HIGH
90.94163725740809,0.8024078959414657,65.74452880615046,68.35174748831906,72.26686441029612,90.89302017469134,77.5346587924258,LOW
62.642903573445466,0.47387651864198077,39.02201947044742,42.82798093842723,35.12868064393811,53.48931162672096,46.64415454992075,HIGH
55.258518071991986,0.48339437373179545,43.13028178772193,42.27021389634512,39.977575307995544,63.57335365957869,42.58898634210015,HIGH
47.242632785512015,0.4678677262195704,38.0797586070516,23.684529773800204,19.843030528314117,46.851773436719846,39.12249404529794,HIGH
77.4991118753533,0.799325063685802,77.84455584839478,66.40206004308234,55.24265991410094,80.91359166910313,72.46554299617259,LOW
82.26603990132554,0.7985367932276224,73.19302308472919,64.03224698688179,62.56418452556229,79.34923279366137,73.5556721496052,LOW
45.91233059103209,0.49432884556175055,40.03936973485909,27.503418000912422,38.68602985878892,42.76160187029671,40.738029376638295,HIGH
73.16511820646045,0.60649723964556,53.316256487669236,51.90589026797822,40.110207032050546,62.29814506351049,54.97245487315601,MODERATE
57.45726763588659,0.7189491367661919,65.86823166680432,38.73876173692162,36.64042059482818,52.040515033211264,55.407917275915665,HIGH
80.48450347251975,0.7966299168859406,64.75526585509859,66.93028885623058,66.7864890887929,66.2479509632693,73.08299753917261,LOW
54.59015359527453,0.657631119111558,52.5583904789219,46.00700686201464,44.32204752719482,46.54948220308622,47.17637626592697,HIGH
83.00157559563563,0.8642882905941267,77.07773968702107,61.98261149953785,58.31784066198225,68.49446928343814,72.32883052486491,LOW
66.27044404652956,0.708379762380674,62.297315820333154,47.65735731908785,38.77840763590434,61.475226112054806,56.90708061625907,MODERATE
96.5201493805204,1.0,90.69009280263124,83.28101423668355,80.28089723955019,93.12768702956805,91.11940394628333,LOW
52.56365192802963,0.5704073752820278,54.02105591086628,33.2045038238154,27.760458747544998,44.87859262675051,49.314987929817086,HIGH
63.758649307764216,0.7018587690643965,64.25881075747486,48.27934454231466,34.91576879030616,53.61332810965809,54.442079547893805,MODERATE
51.2410436682324,0.6453256896955671,63.94067597619323,32.7617274693461,37.09660219844744,53.861413924932535,49.3150092761778,HIGH
95.85814900532095,0.9782336070233566,90.69017014003326,69.52499250938584,70.84067198312675,80.6301788436181,84.36986483278248,LOW
93.25366443595397,1.0,91.85463124063506,80.53372942082011,76.7653478340345,76.55513231094301,86.30562012876354,LOW
59.18678952433356,0.582894325814613,54.873186539913156,52.885213211963475,51.38632599239381,50.686403183578406,54.42689659821737,HIGH
81.29912253187985,0.9570029468637458,81.23986197889187,57.587158550776124,60.079390686815124,83.5139259430394,77.95614891059246,LOW
89.94722101106687,0.8318329799047417,69.54147882641554,68.75855040690786,66.44232117045287,88.38720186437732,72.79040996697546,LOW
75.53604463797043,0.9354544896707859,82.71330043524001,53.989648781730956,55.81025411645098,67.51012695747823,74.13809493937295,LOW
74.13078180958036,0.7372920230313692,65.72840287165647,49.95460412884947,45.96946291803774,72.42104079421215,57.605553028659706,MODERATE
58.30187599952484,0.4399412497834436,30.944587583629087,36.41546970308235,41.15461491079796,57.387014272980636,40.919964090835464,HIGH
50.120652229324456,0.5140169637843235,49.4419112210804,25.89018406781552,26.199603494088162,53.639007053110845,40.73587572770207,HIGH
94.34686668743296,0.8753635011268416,75.67870319856088,74.1934784416473,71.4540642375943,89.13091639920155,86.08125862090924,LOW
94.52299314398317,1.0,98.12768779049728,75.30078117638675,65.18543667400725,88.1930748163864,86.67046783062152,LOW
79.82058015002974,0.7329434035700583,61.38118041876474,63.80077813721216,62.0455185018601,69.17849149076997,61.67008119635059,MODERATE
63.64663850767854,0.5918480417553075,55.0482906517604,54.208153800026594,47.337971522553005,51.6974392213992,50.1536035701202,MODERATE
64.20652660369635,0.4531111929424103,32.154760578968194,46.33372928568626,40.82562918875947,60.47655692275926,46.104263679447165,HIGH
84.92756233786316,0.804044991453724,66.24386773799144,70.89455561755727,63.2729496950988,85.76152756410461,74.98361823979259,LOW
94.34106429739174,0.7010227103110217,67.87033149002544,66.48080762339305,57.82559258272727,86.86279660828491,73.73179683445579,LOW
93.78975333458145,0.7795072509972422,71.0105910237433,72.74696191558135,79.73347083488709,91.67962350170332,80.25414362625742,LOW
87.89315502216931,0.9549730158361228,80.782490911172,67.24703590979018,70.54137942424269,90.14701087696001,84.17561678471124,LOW
80.31174053848582,0.8816974212499414,80.91863058539694,65.18207326709705,71.5248071144635,67.52171651355418,75.99655285046568,LOW
49.62769807472769,0.5388227369257733,40.92906085485915,43.62514122770077,35.32940906853791,53.537711242621796,47.01591545222649,HIGH
53.88957927520376,0.4421981784391163,35.38884501194183,47.86574604022361,45.82872748776689,56.5975348941635,40.402141496880816,HIGH
94.42048036898936,0.9394336680756956,88.31341818877553,76.51172944902648,66.21860485055467,95.13549324235706,81.78061654922736,LOW
78.35359828127744,0.7831757289037176,74.0308195574837,68.82693089120495,61.90710996065938,82.39489330407797,67.12807783426322,MODERATE
45.50583783891463,0.33922190946989206,30.873844580697895,28.818314944220386,22.78676427992649,50.1382425056143,32.23881344256049,HIGH
50.58093485763177,0.6561491787530327,54.187945004637804,27.903381259075445,32.70613222832948,45.3370437257493,46.622407629591066,HIGH
81.49259730094306,0.9026622020669978,84.46811260435436,55.68504124047432,50.9196407879418,81.16519460336643,73.90909932766839,LOW
45.27838711154203,0.4306874537324539,35.39961344023412,27.56964019774318,31.5330548563261,38.363292373454385,37.25751900351895,HIGH
53.844442827962425,0.5411330121790773,46.72841901789,44.235361915707564,45.04419826786477,58.68954034580251,46.121694592643166,HIGH
75.18035841516223,0.7726418649463775,68.6050010561408,50.40238594646857,59.40046040966908,78.34820921502372,66.40569528268587,MODERATE
83.05423587309812,0.6263688718885522,49.653230004486936,57.02694357952416,46.778375284849325,74.1000565938472,55.98977613580579,MODERATE
80.85786927264303,0.7838609544743705,63.675005293685615,68.83901064631957,71.69322631293757,77.29900131777603,76.64531674362992,LOW
57.33481202033079,0.5051496954035279,44.40120641174554,36.852809102884166,40.742372999743594,54.47070425820116,45.77676778575935,HIGH
84.16985717411447,0.7415365707516531,61.74087324357077,70.02248047816056,61.654462264117356,76.09118683905416,68.9683373331126,MODERATE
58.048699812324,0.5523769688346445,43.769779963643686,36.191023584033005,39.41713908719715,52.646377632021604,51.819176816888216,HIGH
62.89698339875973,0.8087384866725496,72.27091439542136,36.66252706081171,36.510125522902264,65.56017912801428,54.99771631168803,MODERATE
86.05702728149133,0.9246545589416143,78.12474873998244,76.85080444675435,71.87088292464959,87.56915310852317,77.44029829933982,LOW
80.7298094475968,0.7501801954976884,72.01090181684279,54.70951118701849,47.85435819280757,83.39886474276668,63.92651809058382,MODERATE
91.70728757717978,0.9743311539074138,95.79415223609706,70.08394814748864,62.984203482868274,76.86145575924252,84.39614603552891,LOW
81.1687090765189,0.9516226344237892,82.3528339380476,53.58418578557058,61.15403697522168,82.42984025434644,76.71805542179119,LOW
76.25697318345094,0.8550331001257863,78.9160627630724,59.331085514577296,56.367945333635845,75.7542073753032,74.01103378678489,LOW
50.152112230545086,0.5074841592974683,38.04388311664092,28.189142396063104,30.690335283917243,45.17843779824186,47.743685594936345,HIGH
65.22436916826885,0.5875500139121311,45.35864831328189,57.45405087947642,50.62685142716483,53.52518759304537,48.45418513382179,HIGH
59.5861302224949,0.665683633586308,65.63149945434473,46.921936198679504,40.67657465763733,53.02884951568349,58.289474051707174,HIGH
58.419430385849594,0.6235428424006708,49.10231279527617,51.23715659224044,54.08522280887813,64.9797090443102,53.0648047641865,HIGH
98.51558051138451,1.0,93.27521416945866,69.15715979066465,58.95142074337375,91.47603790702307,83.35231134081893,LOW
66.62037485667182,0.7297209287349151,65.31560553842802,43.6188592255679,39.36184742476315,67.7173931032949,56.48569101382487,MODERATE
94.06256053474124,1.0,90.60111233360185,67.6053560563477,64.39522530889148,80.39309544997491,81.4594576748923,LOW
79.71262442984946,0.7436027231424378,60.46453321329248,52.98205735818664,50.889817499477566,78.15786265537596,69.37717686535592,MODERATE
88.71462169479067,1.0,99.71325858355354,78.1410898029159,73.33856888768932,71.53412748139101,91.02273929860301,LOW
72.64504012078557,0.7462103616770956,67.46838414294231,57.66858425844034,56.76425395099794,65.62245901208874,66.29423785572617,MODERATE
76.72971365444975,0.974823223807024,87.16649174424398,67.63604450812473,67.71852106180755,73.91883789440644,83.33855785282003,LOW
72.08847316003752,0.6519659497914184,54.35599061366841,60.6637638130332,61.303763349678185,60.59270983885642,58.21333553629175,MODERATE
55.738364328892445,0.7309800236054493,62.71001588748832,45.577212355249756,38.369332694148135,61.05076295205265,51.09512840630124,HIGH
84.73486633938279,0.8671397417400927,84.69744723288744,66.87923548449294,62.1144982206243,72.4885190477446,71.2860562893837,LOW
60.44247993424707,0.5392829989810259,49.437366072527375,49.026988591749515,52.54945347154672,61.39960620376658,51.32490184911091,MODERATE
46.33737815372996,0.4149851981318674,36.11778693193153,39.68407820200174,42.17311022977101,45.17384537449056,41.7108985997621,HIGH
80.50097627489423,0.7729750319295103,65.23094507775846,69.10105686552265,58.781706764841196,76.32165292946833,70.45768143369946,LOW
54.74108736738769,0.5898274683140686,54.80134874518857,46.321467359607105,45.762793493387754,45.94188094648832,52.781825588653355,HIGH
96.72522213941028,1.0,96.83942554199196,67.59116396722328,54.32047952198806,77.71843370996038,80.16076192663341,LOW
97.46607173514231,0.9172907169575653,77.3673514101851,72.5336144232586,69.14160821239751,96.16414593571987,84.5855445745057,LOW
95.31754146212467,0.9507399553951483,94.9410462628128,66.43055801052097,72.5978651937248,81.6466333450434,87.0287855572017,LOW
65.35872851404945,0.8678143210016809,71.81411926493841,50.02804593248633,42.787180049517076,68.68052286684875,65.57123250394653,MODERATE
45.85011390908771,0.6312554561009482,52.97322612723389,35.69773288492581,29.74123101322161,56.66709713671417,39.79928645320766,HIGH
96.0575209423249,1.0,87.57296050826324,70.48590490390868,70.78175856657754,81.07464191383815,86.57133038794223,LOW
68.55012815745229,0.689301629391343,64.51087199394141,55.17003698088413,44.69752755579169,60.14351734962895,57.25648981725694,MODERATE
98.16601504740183,0.9936632831458445,99.15159914957854,82.36174606855468,75.07988361570175,91.7900077906148,90.41262167220222,LOW
97.9990987399089,1.0,88.93195722157705,83.5490690217614,82.35382125858209,97.70825168393955,92.33898329126127,LOW
91.9155200507048,0.8168759439872074,69.17542544371061,80.13038848114961,72.9524398186451,91.84870300437872,79.40920258808117,LOW
61.19468906382721,0.5862092368959376,47.51378171029097,49.94595893710917,46.26881105419885,59.013261652373465,50.16129235903681,MODERATE
66.18037507310589,0.4949453433433,47.351780024817415,52.45594259631755,53.55407401807684,68.84650570901921,54.40524458624658,MODERATE
91.81251693342713,0.9580474815947992,84.50332932562539,69.15138107716982,67.80154244099413,76.16493060873974,77.78808349272849,LOW
62.430710283595275,0.6890266968062269,57.368827949008065,54.93634241084672,53.52361727178139,69.49333191095647,62.681262013922414,MODERATE
54.32210106773509,0.49490236444741353,39.61212870969053,44.67975216765472,40.750153162921784,62.74474553490781,45.14323431031141,HIGH
75.62406943520926,0.9136393706810959,79.8721980761758,51.88118968585481,51.137435777906845,63.77383470575083,73.94397287928827,LOW
96.48851257884294,0.8423085594881953,71.54203435365355,83.90122284928324,79.08749830632028,83.17927255913649,81.46535315281548,LOW
83.28163881712351,0.686378900150253,59.43382830146343,68.10057200496074,66.98457145434162,68.62841100383415,68.01582240829322,MODERATE
76.35336435491507,0.785978825405148,77.26881183096961,51.42484948226076,46.36894688255783,66.51704346189565,64.89018286648553,MODERATE
50.34470715739227,0.6081569018351383,53.50127303850566,42.21173021878419,39.18829883594727,56.59488151421795,51.88178967158786,HIGH
78.82539746845433,0.9566467438303301,94.49993436295894,69.2881210092451,60.87392599602278,70.62663011806865,78.12074399391416,LOW
99.45296175573448,0.9486411912704508,88.7509736615586,79.81690567856081,75.6510223446016,81.33030874752275,90.31712834133,LOW
52.70462083800882,0.6349142917232178,57.38483183543737,41.385768528637215,35.26147578406113,49.008207165985155,49.15888078730975,HIGH
73.50813088000552,0.7312304618499845,72.13289852289483,54.889150502327894,46.57446072640153,78.43417138883002,58.99908909942949,MODERATE
93.25551895603755,0.9152924595662936,86.29693794708716,67.85386925076429,65.75448152750302,87.1980870700141,80.23553560903143,LOW
85.74227397648124,0.9457887335134797,92.91390186947824,74.42507681577827,71.76752185427765,76.91703810930815,80.83081621432581,LOW
83.33586575473973,0.8985909453887392,77.73556638873559,63.38829748818006,64.13325128851392,69.99946287373719,76.18332526867673,LOW
83.63662461929101,0.6787270304944851,53.65738265998146,65.16278694956463,59.749019754210906,86.63283564110671,62.6574060634888,MODERATE
64.77201331708653,0.7953741681434549,78.45266968547641,55.413236265113895,54.682838686041976,68.23459083893181,69.7632617519119,MODERATE
61.14755143454714,0.7494846497602166,60.62173686664613,42.55282658051277,43.179173112855445,54.5475871966561,56.43012285029049,MODERATE
89.51486355131826,0.8325923653622296,75.42058754617177,75.09056883897101,73.55990943618043,73.01326475547839,79.16552748361148,LOW
89.55623670735494,0.9351427204172903,89.02078687242093,70.8439266657392,63.173461918441525,72.77750051343511,83.90035449811526,LOW
92.68897752190571,0.976292793847331,96.47634825559065,81.7746332841739,78.43271903132116,76.55874500763525,92.78018295320194,LOW
95.22823039060592,0.9783496804884498,90.32560402778871,76.51372620727287,74.50874137718252,87.79795598477317,87.38221476314388,LOW
73.12383193735158,0.6762078039889738,55.70304723153615,59.68217938276002,56.73396274816172,77.07433397399112,60.33535541045502,MODERATE
72.58339620779597,0.6586716252841546,55.26086536941499,48.87743236330929,36.0011724532884,68.00158552635648,51.05108027038274,MODERATE
88.90623484317263,0.8865069413325818,87.89730396129858,78.876036818908,75.73468309783001,87.98389752366205,82.4186816924032,LOW
80.74801619277709,0.9247530638537074,91.38177885485219,64.30106907513277,72.14867081836235,73.51614535141783,79.12700250471143,LOW
83.60817824917368,0.8904417979511801,83.00108055562845,66.07873194162755,60.97459900076126,81.05821351469544,77.43684362084151,LOW
88.76859681898556,0.850624534981245,80.63309608740535,65.39161561110463,58.481649341272785,85.65233220091847,75.57942281782259,LOW
93.95029379996615,1.0,96.51423515415928,73.06951291816532,71.28278007081403,78.63950915803969,89.89691410657325,LOW
63.58973362683447,0.3510430742053372,30.889239936903017,43.88651352026741,43.2540788965869,58.09610808098382,42.280232497559844,HIGH
65.65706239519692,0.7714471939891796,65.09247824946469,43.550370442642105,47.33652774759207,65.27169304691802,60.087830686359,MODERATE
50.169006691247795,0.327718689034668,18.833448098988995,27.908046548959238,20.223303441966834,41.54913751668556,33.94922403340714,HIGH
76.80540775478957,0.7318099834075824,67.10445792284474,62.8473570448612,63.361890455493096,68.67512995909078,70.07957346021502,LOW
46.976825058820815,0.35780126112559374,22.18846108057192,31.51868844566068,32.89486432963496,48.2774493726805,33.785003959442484,HIGH
70.60789099728531,0.5766107624007625,52.83864072135802,46.744940328772785,43.69696062763141,76.41080265872102,53.45609421470893,MODERATE
74.84545490891671,0.864537227827019,79.30716798754503,47.57188679872392,46.88672904839617,69.36703517958219,66.11964878086361,MODERATE
60.75976886705564,0.5608275685393673,52.69232188669673,36.89340575947482,40.19602287949286,64.92895023593098,47.79681189749256,HIGH
77.4958293312956,0.8096086814860275,71.35372751596509,62.3169011456785,63.562632988536826,70.63800916636883,69.79356060631602,MODERATE
46.67751374664772,0.46208307957855876,31.523591230233748,38.10643202760994,30.486013865860798,53.26982544971236,40.56168753144534,HIGH
47.054150381206796,0.5182455865343801,42.77216221278733,32.560884594954345,35.03363129898405,49.551616337367605,41.45545608167739,HIGH
90.2430308362812,0.9101124974688376,85.64403848518053,66.38589871593226,62.743160754973054,89.92633349907294,76.08065254263875,LOW
64.81048527761946,0.5198056303573377,42.263301345875846,48.47805533479157,46.418523058129566,60.06723926909777,56.42545190225789,MODERATE
51.98832819585366,0.6195099639032506,60.10718621334425,37.12587810999493,35.63556915950365,53.6767509531125,50.972419182683694,HIGH
73.72337930301424,0.6878581347140111,55.45592726742014,49.5864329510768,46.355896359531656,71.57907705478794,55.10101267634712,MODERATE
87.3496454204236,0.7178382643382608,64.23756717212854,71.3866052970375,73.77581251772095,78.22737517234836,72.8019836295893,LOW
56.870156512326375,0.5258900490266725,45.848758772072614,33.98724736486083,31.869295197371724,48.382366083610734,45.37268484918856,HIGH
79.25897617004502,0.9426657407638812,85.47860224958534,63.196982534006054,54.4394027653899,65.27836907428272,80.80558492943683,LOW
49.69411057465724,0.5819632799579216,48.82457005395112,38.16003740362473,34.284386253594846,40.08871947171845,42.61566484300698,HIGH
47.842494664273424,0.4435597332019483,43.279336226797135,33.9784469738521,33.172998209211876,55.744681016323035,44.0933425667849,HIGH
74.22450473624814,0.7073192769306385,60.49266937471282,51.55311508912596,55.12153325615491,64.1091020337724,67.24481587721672,MODERATE
74.73493168855586,0.7151858117638203,67.88960597164909,64.7413979624204,64.51980148904354,64.01808033648005,67.11312866845658,MODERATE
80.05864458240137,1.0,89.29071051240115,68.12439580672088,60.46549962264961,78.76762367444242,78.81655721265798,LOW
84.93502335474639,0.8875437787706192,76.41635596129896,57.41262450600992,66.96794286410388,74.34834094554495,72.54755601717157,LOW
98.67186437043941,1.0,87.94062238671219,85.29484538576833,82.3539796713698,89.05838534458826,90.30776100818619,LOW
73.39651915656574,0.8369935369688417,75.41183918576584,54.70232088228808,58.34415852816875,61.96743663120172,69.52140255506369,MODERATE
62.762606011768526,0.6515049760203366,57.3479492173724,44.900056077352914,41.89648110559912,69.40499923865421,56.89346807456015,MODERATE
88.73524071227871,0.8614481925407168,84.0016798339805,70.06922740004595,69.23256225357089,88.01982057016772,83.73339999845798,LOW
59.89577381941408,0.579322753285643,46.30208307251726,41.0112914659363,43.15806941523151,65.19241151483133,47.77832493133929,HIGH
69.14342813880998,0.6842741554466935,64.35627483796863,57.63255080897661,60.84189682729906,63.45021748248809,58.55032487002339,MODERATE
49.31510097382463,0.4894287860872621,41.49244726645701,33.3303455209072,36.95066977175296,54.69930505320316,42.369270296037286,HIGH
46.39429088785016,0.5367058632421996,49.40647493030721,34.311396694127204,36.95681185978573,39.992955818075735,45.419463869154484,HIGH
97.94566280728588,0.9846512166535888,96.45769622036349,74.91775133397351,69.59643011130429,78.52891029766431,89.2758097921282,LOW
90.97890662817133,0.9830530740032712,88.86194194695108,79.0565450978912,72.24498763321634,73.18258395409764,85.03346780262949,LOW
83.27858133515339,0.8247141553406757,81.65643501172401,63.53317486484853,62.019553673227094,78.35489981621393,75.912609680194,LOW
67.49241194278484,0.6827876384594574,57.04908533405275,57.037763640839884,58.85151582050324,63.10182765918669,66.24949103138464,MODERATE
54.53118760389652,0.3454918075857545,29.785378829658697,43.50520758120614,40.2163436982628,53.98525706128761,41.97577110589613,HIGH
53.604037346909735,0.6276731409393456,62.76529369886728,43.8694376057471,47.00182555403168,43.03249268587218,53.368105352193595,HIGH
58.763359399052746,0.6222824415803268,54.561307069474225,49.23026786177113,54.03183819611347,55.46441991239071,54.35571760803702,HIGH
75.20746655883663,0.8518756765743316,84.48478902951912,51.17250087173963,44.03227123278555,74.52733647108651,68.67397134998878,MODERATE
84.30277574850342,0.5534022196656653,51.19767859925303,70.15834682043528,62.46582596043212,76.29609463815146,70.10328398256772,LOW
81.31085571947523,1.0,89.39535268816425,54.63729451023872,51.2035544902001,79.69306870182463,75.56295504790711,LOW
60.396364332026856,0.5900046805047512,58.06012372614713,34.95819739192035,34.74835086327031,52.97747075355818,50.598208969994765,MODERATE
97.51759043647567,1.0,87.40992261465996,76.34062199408616,69.9007558255466,94.27691243881505,85.21618201419724,LOW
85.58433041826727,0.7518527114701197,75.12797230713323,74.16587492312601,77.21859457130543,80.23608914368288,81.32141657845781,LOW
75.48947288812704,0.8161721193875273,77.9148539007242,60.44956073172271,59.547417002728835,64.60684029909976,77.45009276256391,LOW
78.64464104288938,0.6811048541115281,56.996924568871734,54.825531671636156,52.28149032925805,67.65012235138816,64.15893117950439,MODERATE
68.07800343352844,0.6184031382657038,57.09626158063078,53.92238851623418,44.046721471079834,67.0230120382135,57.71563461053273,MODERATE
58.62520442256366,0.7776551796123152,76.23713214024131,51.02233961425152,41.892143551401404,63.4989554022998,61.52253998682669,HIGH
64.57849732581938,0.6267167331818592,57.2681645361795,46.98494937467369,46.040748157349036,59.975353501238615,48.96538813454123,HIGH
86.6815360755403,0.8885586480733751,84.79996551156962,61.11096543806556,47.392439035388094,74.51123744298408,77.07934033352001,LOW
45.791641874636575,0.5449231918152412,41.851640649115794,25.293949944302874,29.092439495308085,53.97354563792127,40.09974814686129,HIGH
51.38399522788039,0.5634081410760643,51.64059534382928,42.74313290248529,39.81520703549943,54.49256201732101,49.866807253523234,HIGH
47.5301453111964,0.4903433436263216,37.20034728599205,29.321838491827428,44.071211415209724,46.98582599461865,39.61590477825688,HIGH
47.240084127543355,0.5088969415220561,37.51161198004459,38.10599044607608,47.74027217685283,47.550071207620725,42.93196051507853,HIGH
92.05033212060539,1.0,93.49273870635206,78.4811482175014,73.64984546038873,77.72539505521225,86.6548342219328,LOW
83.70118226590131,0.8312499429556546,69.47584713774958,57.84962857320748,54.425462131890534,79.49699841401792,73.3904121598259,LOW
71.07956059980289,0.7309055106695257,67.43078025750468,58.978225485018,61.00722178077724,64.03849869070008,65.50306654346863,MODERATE
50.38087883580508,0.608874227958812,46.42624654852957,40.077844021864344,46.58981487036131,60.217606602131056,54.91251530914715,HIGH
72.03887313142579,0.8309413246100562,81.75478959312203,64.82191800305722,53.39067681572428,67.2347688103784,72.60654587093636,MODERATE
71.04094739293112,0.8291125044853492,72.60596145098629,46.52347197112765,35.26542104579783,66.55047003813716,58.55297180310111,MODERATE
54.526102845050836,0.6091340506534269,53.50619445848876,33.22159629636306,28.450342453772997,54.93791802425412,46.43275414113948,HIGH
68.86184070808852,0.5743179158078369,51.61705949894898,49.42907793546611,49.87131195456213,73.42459262884574,54.168092503640025,MODERATE
66.91776039185554,0.832520757148665,73.76139753363749,45.220669073893134,45.44400357273646,69.55057031067943,56.94635450477441,MODERATE
78.8717553928719,0.6740830146268502,56.85044508817005,67.94360850509489,69.8952853547594,72.12000571025436,73.01080650672071,LOW
79.93015079772042,0.8295650545011074,82.89105640535611,62.770663826196866,53.63364299306048,78.31810595763226,75.40053341748737,LOW
47.49172053746245,0.3994896203726887,37.44466570606089,35.718160736740586,22.351533385059174,49.7180864055852,38.65409360769202,HIGH
65.60369380445592,0.64962310338526,54.26661957901121,57.167793898869995,58.59947518043722,62.33029601758972,60.50319999846274,MODERATE
79.422295364283,0.827099194673178,72.71413826364471,61.757456123556224,54.528601952552236,67.3841517471134,66.46388243004617,MODERATE
72.67249422190483,0.7588606637640756,61.3953537994774,46.99045179286165,34.54848988127537,67.41672064662168,57.4072862883247,MODERATE
92.10694126535773,0.9632614880771058,84.91058195394884,82.09506475780807,78.71563024971458,78.60192475273769,89.28603121394939,LOW
81.22814973904198,0.9736526242962845,83.1036718136584,67.2761164952619,67.87818911159219,83.27936278826668,76.20113995987957,LOW
53.96139348947863,0.5849673650461843,47.95862898159633,44.4144354164167,41.58342798498948,49.877251061509845,41.63805905416947,HIGH
48.88128110702364,0.4643971475411715,41.9689316245255,39.230219923007354,34.97946699594454,58.150305176286366,41.8776187603021,HIGH
80.33306030134736,0.8997393198423094,88.39345815046809,54.13106323362511,50.627698911214324,74.92755404297212,73.49764601579251,LOW
46.4581220797892,0.5835282696903561,46.62546901886158,32.450928787124475,28.975468535764335,49.79738523735456,43.0932450944837,HIGH
77.21765697004048,0.6494157881867055,55.27934049653181,60.16990301424006,50.42117230382722,72.63293446581895,64.16076203288873,MODERATE
96.71266327837267,1.0,99.27720981410056,71.82988410142977,64.66498651140611,79.95774296203216,89.61776562730762,LOW
76.65107978317334,0.8366280720628233,78.26205021776765,65.89612772475749,65.20772086358869,68.8372882066975,74.97997632834073,LOW
66.3493459413587,0.6337371090775878,49.021713675494496,49.969104265221816,49.07904175884322,55.062398998639445,59.24658969618916,MODERATE
80.38085201432943,0.9413792014744562,86.63190296179259,63.74306253047531,61.39620843378564,76.76376249513119,73.15766849003583,LOW
70.20390897703342,0.6870335310670815,62.21241606641258,51.24530426839696,43.70729664571021,65.10061108563552,61.351584639701485,MODERATE
75.00892341237642,0.7626468794709184,69.39919386970242,47.51687700613,44.23351734514517,75.56683816131988,65.39558262254285,MODERATE
96.78056448270888,0.950498462398702,91.91660537979274,71.71353015279706,57.24252841294293,81.83386120615451,79.91861774887336,LOW
66.23564507904258,0.6639143555485726,60.86082799188532,51.654766510789784,49.96441150467724,56.27983723182077,54.965319052467315,MODERATE
97.86548101031528,0.8690273014136326,81.35553130155562,71.52787186380282,75.0957668096805,86.41902942752758,81.35117036125195,LOW
94.79428530758351,0.8039377648164056,79.60845117882847,81.90068951057555,70.43499437483624,94.36713591043443,80.04722856785679,LOW
55.7685124134113,0.7171356304566102,60.20004861789224,49.582387445890966,44.17362970700764,58.823246230977276,58.2815171634675,HIGH
48.8148715481341,0.4034525806495082,34.097691586392635,39.84441694403523,39.497729990384116,47.430369734365655,38.81252168198313,HIGH
50.54279007575847,0.406288665811954,28.296168278949047,38.68027994589743,43.01047912073997,50.77967545569298,37.63916183704519,HIGH
46.002200410835236,0.2446829927479809,11.713079257999658,31.190365220560516,27.38972387803174,38.48602055221016,30.0,HIGH
50.194362841576066,0.43804745364681047,40.62483454420118,32.87234374659447,27.76747491293526,59.847008200783115,43.11575469818533,HIGH
82.56537253789963,0.6933447460382466,59.47417237127273,56.09672093982124,43.44726918074976,79.38044412421809,63.05314951812078,MODERATE
48.915375665312595,0.6533552726667629,58.251300204231555,33.82675790777219,32.65261065892411,44.840381901518526,47.6587807992674,HIGH
62.54365966615687,0.7264183055958321,59.43947949076094,46.26378080702659,54.16097196739398,61.75109561723038,58.83380439159656,MODERATE
91.46814210331999,0.8458663865154276,81.35052846389594,81.31646769652835,78.63743662152531,75.36416100403588,87.69380192129927,LOW
46.27995646547042,0.6880431451891351,58.63711651426285,40.953729765798904,38.79464838159039,56.34069854852801,48.20438938414854,HIGH
89.79576654239148,0.9961342141230742,90.49713957851658,69.7929906498249,67.91375267116858,75.33231299158051,88.01346374660088,LOW
60.502012612536994,0.5725369877745077,52.82417661387328,45.68823908631641,43.34836711225758,61.36221645113388,53.07400030538367,MODERATE
51.49906551919109,0.2650500837045536,24.455994815687767,29.56555106766601,24.022201652982062,46.10834166613148,31.72253118410829,HIGH
83.32054409502828,1.0,90.22540359284085,71.77489799128855,72.30255267011265,81.00766292899335,91.11593364848595,LOW
79.59185657289362,0.6569613190525765,54.617170033272686,71.13323767326327,68.70538340515887,79.20991260312051,64.65082029995568,MODERATE
93.26096074398791,0.7680697327441899,72.07256311796874,74.9540893109866,71.29445110510555,88.07716317341898,77.2953732956201,LOW
85.4289074092137,0.9565461172931011,85.9821226689754,72.1364455332472,63.65279312019359,80.63311513247481,77.0546810154776,LOW
89.19145117116668,1.0,94.07303638582745,79.28001858727326,81.8335573175834,89.20254281597359,91.93222205246471,LOW
60.51190149142185,0.7435462967652703,63.65652642728776,39.968745605327086,41.29382205172628,49.982055412932645,61.51694448325581,MODERATE
54.759174907884756,0.6039826610840835,57.410036984997554,47.05139741795133,41.93422336021725,50.425635241911706,57.556365518431896,HIGH
86.28381134024721,0.9223135475690006,78.87812971735744,65.48904020606706,67.22371246417339,73.99279866481469,82.06513326111892,LOW
89.37591065969951,0.9791006624750258,93.5989223005189,74.81732459039178,68.58860416894615,91.26100776906804,84.77767629614009,LOW
99.47778281003704,1.0,94.4832101836577,86.0600835219329,77.84706188328106,87.3700218413671,90.8729502209003,LOW
67.69397223012845,0.7050588646982221,69.63450718861696,53.32954454872926,46.86455173389136,68.80743176891073,57.26683553676515,MODERATE
65.46099471860308,0.6650300575812184,64.83032257330268,42.88597972228369,31.886337970729052,66.06329905250256,61.466065344728456,MODERATE
87.70271284080982,0.870767815618146,79.33885302112968,71.0905700186374,69.89375341979655,74.40379502219541,80.87117912095738,LOW
63.74419471391598,0.5620454882524921,52.19065867432964,42.35438225830327,31.08093875369635,55.77530937536381,48.507870045725106,HIGH
96.19165290819606,0.9338490213952831,80.85269875339539,84.06276168139344,73.71740444099495,82.57901359761755,89.60588904369602,LOW
92.21270135136565,0.752831332094118,75.06273237958749,67.5360028229275,53.78126263638846,81.99270664628011,71.07968781458688,LOW
68.59467150562601,0.6761127523767851,61.924864507599466,56.99653785693044,53.71636250012945,59.56223851751135,63.28419457019162,MODERATE
86.29790872853235,0.7641199765702317,71.35181445548677,64.12025525790166,60.16264019364721,69.43135663776283,72.00690936910044,LOW
86.49985807465754,0.7546396490249984,75.17405043873582,66.53424117037186,61.574048045921444,86.78774759586994,75.94904906810429,LOW
50.67181278597629,0.5247075429751107,50.60522831250342,27.021737163144916,20.45776183163479,59.84964685639872,41.14396574248692,HIGH
94.64040986737616,1.0,93.79535987622047,77.42991852113227,67.69725382789245,82.5437356345323,82.91009730631382,LOW
72.78888048463214,0.8197204654465527,74.57907777794357,64.18668865948013,63.299203544238985,65.00124197621518,71.65236967312215,MODERATE
90.45516063592578,0.7475015459969401,68.68580839087097,81.02653486130815,74.22244845970029,72.50596476422804,81.14282779341565,LOW
62.602728056683645,0.5270644669098027,44.742381514798865,39.80528403156022,39.396811437662926,63.6871962119544,48.50475007122234,HIGH
94.25377756729102,1.0,91.07302487641478,74.33368705733328,66.1907592738455,91.9118199688054,88.0452508890628,LOW
66.40609233037897,0.5658121839499587,56.43236107807834,44.260602060642086,42.952885671465395,56.057039871503235,51.28987509773094,MODERATE
45.59607083141641,0.4334973933144617,36.38831193964361,36.34795174804448,41.04694434722257,39.67018365247615,40.58135584432357,HIGH
94.7960087030595,1.0,85.54751138668618,78.41473292248888,77.42482527832834,91.63847196187635,85.45952365120968,LOW
50.02076722323734,0.40337322674600984,32.55183847265775,44.416613056687225,40.13371331277046,52.34242874567277,43.62392696653522,HIGH
62.56225006747282,0.6361600512893242,53.45287111704812,37.0761785692433,36.508364492560766,50.9470112065326,51.50375543615473,MODERATE
97.25340818779426,0.8391315323861221,79.23519536985896,74.17070923499857,69.25884790059757,90.25366635948106,83.75672086958429,LOW
97.28339308156558,0.9126971664205343,79.659845969762,68.8909520182229,65.48580534078539,84.00506892212779,84.62020240850401,LOW
76.53908384678074,0.7973690318820611,68.14308096006438,63.57524731352122,58.76842968710263,68.60577018684151,71.49590543975506,LOW
79.75104666933896,0.6382110933402227,56.00166861921019,59.54666977789186,55.74766025957031,79.19546570140878,64.41223304371941,MODERATE
69.66450370880759,0.7406925108841158,59.429043739223374,49.12805397207407,47.73211803884124,71.95030682049828,57.30476945331461,MODERATE
61.12659244339355,0.6093021445412673,59.046961232686925,48.662939193902425,41.26299873629755,56.90840649151145,54.726602881483295,MODERATE
63.076549995345374,0.6860144953951686,68.34723456617314,39.806710295498235,32.73698064577343,69.4042987164034,54.06529503873908,MODERATE
81.98851508423712,0.8422765642488373,72.6752832485273,54.84643431780845,45.16139983276197,73.72006642643115,67.52715129103464,MODERATE
86.3805991190724,1.0,87.89266693952676,60.04543685324508,49.041809488064274,84.54119999986011,76.25989148799866,LOW
88.53684740492167,0.8978909243140074,87.9859839945921,64.90182314564206,55.570318527257555,80.50702321522253,75.50863216753966,LOW
88.42899785370047,0.8413494244244794,80.15119994806885,74.03680447383134,71.13227678416041,88.69384481340205,74.22525107731433,LOW
50.01633566767797,0.5123931069800081,50.976025247501376,39.382381258797544,32.949324618398244,58.16829340714595,43.42677980101094,HIGH
72.19311675864198,0.7762609704900585,73.22646788729737,45.70659867385703,45.989341061319664,59.50282956433526,64.63280708795068,MODERATE
48.16573180091544,0.4865433250417248,37.057204395392404,43.143468702110056,41.15986401076736,57.26245206693687,39.262845895890344,HIGH
75.22408852780545,0.7563000543984427,67.86059752415558,53.380680210182014,40.869125132482644,76.68996765265268,63.3436460964056,MODERATE
69.28417757553574,0.6226426069746818,57.04282679994385,48.23083656687692,49.094172659641515,71.25355634668193,63.675655488382866,MODERATE
93.82373005170649,0.8719472087619701,81.61863145260206,71.9875662275399,72.44218114412145,79.07721083507565,85.29553933621868,LOW
64.30032569036433,0.502742729723674,50.253968586635374,38.06811619959058,31.19539701543678,67.54264472738477,53.05963587549256,MODERATE
51.43868590351832,0.6893445333538771,64.43744542190917,40.057228597891985,40.15532488247234,58.153603416515395,54.522233728641474,HIGH
52.86454251290597,0.40425910158993117,30.729029034424162,40.77865098575042,34.4572272494169,48.074640699407794,43.47305197738679,HIGH
86.88308474446097,0.7995403276650189,65.34111610925655,76.61598821108377,73.27354068427125,88.55166936281526,74.02436730551811,LOW
79.00199348239437,0.718179208267024,59.1120084219439,62.24583140328018,52.81104779834134,64.19879771389878,63.267252069184266,MODERATE
50.561747186753465,0.5951099095619788,59.15706648651495,40.28460194338116,29.304839583539216,43.44758281434557,40.042589651549385,HIGH
49.625874336324856,0.46676377553404574,33.19796848328199,37.795552859139484,33.99168926811766,50.452322230090175,43.73352454253375,HIGH
83.5533022302516,0.9603072295698895,84.28274675750956,58.506536202113885,54.96256466063401,78.35849120664749,80.75308599239216,LOW
49.001965350030645,0.4226705910759196,30.561417254027255,25.39207854447767,22.134076149180768,52.10457394604259,32.806999792619266,HIGH
90.20230326096959,0.9299224488320761,86.12230849815403,77.46741149476892,67.67388812891768,72.501225195085,82.42302390306921,LOW
83.84332249360729,0.7548985196100971,69.51977256669218,68.00881161317724,62.608875721862695,86.28199348732845,70.12576210450256,LOW
49.47418293530448,0.7092567421303837,66.38193828054048,25.954153399466154,26.002919492396515,40.47110820292647,49.8445489987487,HIGH
49.666074274685556,0.37790090084390426,36.80466720007494,43.46329763343255,41.065667601148235,42.5940984742165,45.39362468250294,HIGH
99.26517681756465,1.0,96.57646954759451,87.49144857358061,84.02938129789764,79.69243180457286,88.6616892152633,LOW
65.58489376658662,0.719226625759076,68.22360805123724,55.770584605803364,49.63147937324203,63.805083679151195,63.76072399828777,MODERATE
65.385318088679,0.6952330906319398,62.26215301754095,46.942529597273605,50.453992690990724,70.95359214936265,58.64252679866583,MODERATE
89.70397619916264,0.8785109961038555,76.63943351143513,77.72413315912644,67.95705981839622,85.0821242809394,80.35373248265556,LOW
97.09867175611222,0.9580046475877796,88.69331733280876,68.02727695148633,67.06371458934561,94.13208677449833,85.81188345166188,LOW
99.23005851025789,0.9966817323004898,98.80050648834157,80.37276211406169,82.2635794731584,79.64967087737793,92.4018901295797,LOW
86.43580018924179,0.849657801729569,70.59893315813383,67.76186096331428,66.77830837889304,79.98894612098796,75.21273062284584,LOW
65.69427720420038,0.7533306837214948,61.1922035857378,54.19167716767221,50.46947217396445,61.74668131347074,60.60260096058677,MODERATE
49.59253941842678,0.716977694343403,59.91992628711418,35.214080427889435,30.811891173180065,49.65339041915729,52.48822074572056,HIGH
87.74308037600903,0.821681625259307,67.29824400246738,65.7304996856679,67.62441295661577,71.63872800751099,75.72629289806454,LOW
75.71223373546928,0.620142039396785,53.846968947674554,53.1174676228415,43.34671961539106,74.25849420976158,58.990645941454254,MODERATE
68.3322105085837,0.6744939002507115,53.00786477127306,46.42162780352707,39.249925111452505,64.73017670403965,51.452801353267574,MODERATE
94.84949118021048,1.0,98.86592439074875,73.80671980830766,68.12859499043367,91.18256994139367,86.98984163243323,LOW
51.11586152683832,0.43079115847141014,37.59390462322044,27.917079874277345,32.70949466812347,50.59850190270497,42.064777310369664,HIGH
72.09438073599725,0.8848554879043792,85.10482977033644,48.53678571627533,48.00878461066604,60.663137313326445,69.56799944409538,MODERATE
45.624450462208046,0.6240145860297245,59.463962340958396,25.921043122014737,19.784762173362772,49.46469945132287,45.456025302979654,HIGH
70.77633530967694,0.6524045289259699,63.12840865920685,62.58659134510003,57.90572325092051,60.06879548984488,69.5309226790425,MODERATE
48.09668016250105,0.5378651095435381,44.45030633086386,43.149452901857956,37.92036453628358,55.92523539709714,48.377032316656155,HIGH
51.534985394743956,0.6781895162602934,56.09912378981977,42.13254131136011,36.476969284624424,53.49031309717999,50.976120106773465,HIGH
51.46394357274077,0.47672666162865895,38.99819017156048,33.04707733719765,36.28917126312166,44.3152325293317,40.448361703121996,HIGH
80.7065666163835,0.7867076301535988,76.46632237153673,64.41196017709423,54.33264652192199,83.81201444273094,63.96151124206489,MODERATE
86.03246835959828,0.8021565922011185,68.04880267110978,69.38109633765222,73.95594579944148,79.19328395438504,75.24586548381137,LOW
77.08528208034377,0.669377147734151,57.39839416595918,51.68501610771712,53.24191375325437,63.12619470170812,61.0846739569459,MODERATE
97.9194901660998,0.9142671471543974,85.60422912353481,70.21628418685306,72.1597783305289,90.87225022118119,85.73043390704449,LOW
65.61788187380373,0.5337847920618116,43.26652477314022,40.872588405351635,36.51426142495776,57.558283639299184,48.1998984075334,HIGH
60.714164745502345,0.610549994280946,57.15642473945211,48.365186740651566,45.19722380822344,64.64520083394792,53.958964879884846,MODERATE
92.77295205042032,0.8507321973983389,79.89533661242073,69.67454059059305,59.025054488439835,90.57480311166006,72.8460503214406,LOW
57.2977711185699,0.5963563023647738,45.873342589497526,46.135330381225515,41.20525182683022,65.41716401194915,47.07956939758813,HIGH
97.97723966923363,0.8241828320719735,78.06071562212604,84.36731904082127,82.61722732699596,88.41918235587698,86.98072774784357,LOW
45.6684961079399,0.48977298430084476,41.92747440771542,37.40899735019853,42.01886279159559,45.63393448090666,48.40843244767348,HIGH
98.34333546892015,1.0,86.64788293905978,81.66684950475626,72.04772294550618,93.74418048406574,87.6148004655728,LOW
47.373795157281684,0.27436438731567125,16.820618477554213,34.037263245957085,30.5078703987329,40.54844925266388,32.35466600580656,HIGH
94.01287125339391,0.9775343695186963,96.82038855939909,67.99260070695314,63.836474570442874,86.14860727857763,88.19494998696867,LOW
74.0235609997465,0.8630025092447942,84.09070526029485,64.22338303031759,54.033267867839285,70.14380080241422,70.481083423197,MODERATE
99.61306378656153,0.8751665359964947,87.39902973807072,74.95324046000749,74.16232464579912,81.47991348545698,87.05641454912276,LOW
49.058811060446935,0.6578453492882397,56.32070807538652,33.52383167061613,28.22768842837228,47.606730558495826,44.66520214055236,HIGH
75.46198564207265,0.796521757357331,72.93707435457682,62.15688022434554,58.07208445724314,77.43528448500216,72.58001360009582,LOW
98.31163945905044,0.9126152090146635,89.24739813793222,78.6240838224889,72.43313277180506,95.77238400713357,87.31343580605517,LOW
73.77038142935818,0.7321269065278112,58.84367883692956,60.39450189088191,53.42808426773944,61.00105844188017,64.7755662436136,MODERATE
79.61692509743943,0.8520019422265667,77.25529836347236,59.73359348292937,56.71168888138013,65.50795773290817,69.95266600508612,MODERATE
83.26617789415394,0.8402623180827805,80.39783239658472,66.26268164763366,61.87149967241186,71.86685185536186,77.95473660438614,LOW
69.99975856222753,0.7538731848669122,67.87826491937062,59.711672124427196,54.86679910681251,73.49512810086189,71.96185304712286,MODERATE
79.51569440462349,0.7030895847382983,60.11465348280322,69.2324634730472,62.12853219099312,66.19060722516878,65.24077161580225,MODERATE
77.13728715577051,0.7883089539613128,77.68730712652781,58.48964479875086,57.16278591272809,76.10976577716534,69.71750975940995,MODERATE
94.5636905770044,0.8042654560795459,76.30598838223621,67.05906085358188,71.97419415336421,77.6742648538656,79.92992196221773,LOW
47.49955091878018,0.4638729030529318,34.28280794203327,35.87044209574846,34.77635615515667,50.46239780998065,42.09873944237839,HIGH
60.45297542757267,0.5141389901292477,44.51892595688485,39.747675740362936,42.74088302790044,55.48372632444104,46.78674930881922,HIGH
97.27263162421073,0.8991733219831307,81.71867506782866,74.37214136299433,63.70242466907729,93.59638455868594,73.6326417705932,LOW
93.9645081140004,1.0,93.50775996685796,65.93695901641073,63.42891826205903,79.8454154677076,88.52196300758007,LOW
70.06112140321422,0.809742226091569,80.31572346951182,46.635388916909974,38.81677787620914,68.83293371037057,66.78052688108579,MODERATE
79.10729287908453,0.8519867408815629,82.71242739085396,59.864458413066814,49.48661085475396,67.99948499478532,66.88287952215889,MODERATE
60.25596506396229,0.493328374172365,42.649712836108144,41.089758592883925,35.33841362594455,62.47797771341291,44.534785226385914,HIGH
55.34666378480687,0.5218257928785885,49.04479730673994,31.844268074645488,36.211551342981075,61.750891719060476,50.648749934440545,HIGH
70.50341227169902,0.8263438927149085,81.88470384159567,55.46269535279042,57.439639728499124,58.93876579989442,74.64290892303929,MODERATE
64.43437254143291,0.6585154167783195,53.19679671705459,51.455041170134066,50.09731272189936,68.87941180505639,59.83916235423348,MODERATE
77.10108615179797,1.0,85.28211206253826,69.17475586391426,58.052515271268895,73.55237400972435,77.0541786855454,LOW
49.275405033074165,0.5320858342701789,41.3114403170668,27.816843045937468,25.444597636700912,41.96253384379981,40.13840709225626,HIGH
98.59171442163915,1.0,87.19322617443,72.71292897140795,70.58578256734623,87.42420864450557,86.07755359281934,LOW
99.24159094637815,0.9615042630435314,92.52076934959747,87.2283414897373,83.74460556314342,82.61047862680448,95.58104570554266,LOW
83.398894271086,0.8473430331890881,70.32489868621082,63.52185722132339,51.12679644285348,80.7260731942002,68.2672043894444,MODERATE
74.48530014892663,0.7296060178512118,70.00671621831975,57.75713617069623,50.417690122062055,74.7656028075003,63.39680384494401,MODERATE
62.02401889574803,0.6910510566263393,54.83365850720645,53.447435095991,50.45467452044787,51.7351455220544,60.71905912912998,MODERATE
89.75872608388218,0.9932574925182802,84.40345984233876,61.171488934279495,60.79436903515147,81.92977792099863,79.64092164996697,LOW
82.66021449046336,0.7480031988538386,64.12447779919313,70.10027529214992,55.614622422042686,82.42067271288903,73.68958889981414,LOW
53.943931663969025,0.4063160212839124,25.914446151513914,47.2048548957609,44.03399227357357,61.87840616219515,39.932324841266635,HIGH
95.10099514716134,0.7673894141612837,68.19584472262181,73.69394804240702,70.72449448968143,86.35115345256447,77.36970720314591,LOW
90.2395483607743,0.9531946162989973,91.42633488225836,66.43825998203621,67.36440692551547,91.19722316084757,80.38577148311978,LOW
97.23899523105582,0.8620532916931709,79.65039088433278,86.8662267870065,85.98720336884335,88.50497559396526,87.40260864033506,LOW
84.9145729613598,0.6338566703183496,54.48225300115317,63.24876289068337,62.99918134019323,75.815468261086,62.008566436048234,MODERATE
78.73783577646844,0.8262362182177809,81.52739839137286,60.21821467979251,53.207601412293215,79.95433119223267,70.67120403678966,LOW
68.00336699598404,0.9293336217031194,83.59821320105324,59.13773011888467,46.6408329273239,64.26234780594902,65.73046388331923,MODERATE
96.30006658447073,0.9623935746907178,81.52168991763737,83.21958238709641,77.09333948243459,86.47810347886704,88.87471770001295,LOW
92.63351392252247,1.0,97.14838525324409,72.01067658394861,73.41830188079398,83.91306092621454,90.08050467697169,LOW
47.48702685584042,0.4830532044131607,36.41639369699032,36.81117189999061,41.937885942613235,54.92532152206724,36.9401179864733,HIGH
46.45018359734886,0.45461287065437433,31.84280515874314,23.038850664587656,25.439653642847198,53.798977711640134,38.93785581359793,HIGH
65.70548517829273,0.7489625000817042,60.7407261158671,42.76013207078245,42.76882958125199,60.63478799143841,65.30602143089284,MODERATE
89.5804331930008,0.8667768775111429,72.27565368503258,60.951045743427464,59.80169169818591,78.33034375181114,74.70668924353582,LOW
99.30018711232194,1.0,92.17810541917792,84.17675162208147,77.1873203071735,89.27871017064014,89.01020715694794,LOW
53.27292901069405,0.5648990707265419,41.83028845278164,28.551163453665104,26.47330381321375,54.07379340329743,50.29961748046871,HIGH
77.67718934436743,0.7099628480793695,59.63663170092036,61.284793014099535,66.56590099252621,66.90849568805389,63.52689163822514,MODERATE
65.94899711470619,0.7586942061007141,73.44434906651699,52.40372149696048,45.07074539315307,68.63829938607677,63.163776340598496,MODERATE
98.34529187980317,0.9659569431284908,89.44219271582952,87.5037721524358,91.20247749836327,88.405888818491,93.34115343626932,LOW
91.31654077246398,0.8375908917753554,72.98412154695548,81.12958153802553,75.46296168866395,79.73414358637038,84.93650138627906,LOW
91.10807875911257,0.9647317719481661,92.76307245753036,68.15704576426823,71.3763540215302,75.02288286656987,86.01680897770987,LOW
70.77812378872336,0.6179344397081299,52.184216217579674,54.54173152117047,44.780569897624254,61.39940223905083,55.651073617532774,MODERATE
67.81507262857158,0.6809688420226286,58.09787701656359,56.503132844992315,56.607497208565945,73.23768153797694,58.63618629892138,MODERATE
60.03738895618884,0.599461989897468,57.50570283261832,41.75424393406531,35.982681057623935,54.131904901341606,50.81191013655998,MODERATE
48.10065231580099,0.5895960797411677,50.48332828732542,38.233424719218675,29.2454175236368,41.857707639981506,42.05325147667384,HIGH
92.55973069402793,0.9730671302282746,85.73230935814836,71.75112253773669,69.25623662290458,83.26124038832222,83.92640863106365,LOW
89.70955550215427,0.8945928591470284,81.9758509466637,73.55442501228505,74.92406270465064,77.90939926892838,80.66563225260134,LOW
99.98447203073718,1.0,99.8184532483584,73.5149802954271,65.61452408768825,80.69076263001364,84.61876980175637,LOW
99.8150260390648,1.0,99.86442296381061,73.41960021982274,62.25354040653959,86.31492517684019,92.1489477301249,LOW
75.54874380814451,0.8112684687166313,75.77140671211295,58.446861464882026,55.06529456996314,71.32116752530499,68.28613522425164,MODERATE
87.29430783492808,0.8739783403336188,73.50492300688515,71.54849486473496,67.53389347761231,80.8696937083418,73.74412532576437,LOW
96.96211514353354,0.8384375282003194,80.4136011259778,80.01470769799829,78.75557045087088,84.70087053836461,84.16903483179392,LOW
91.73060648725763,0.8107946985650389,71.56401452342858,66.44325532516751,67.86906541573157,82.33054031485813,76.73099181097155,LOW
58.60414559587587,0.5555189855232919,52.22076049192938,46.18014138033604,43.574058404956766,66.19367484139603,46.44144401610536,HIGH
69.77992744205514,0.6368480542046231,58.85975557556908,58.620747223712705,64.96722643649838,63.37091149825035,64.49414193970928,MODERATE
52.10376783333223,0.5023405480347777,37.51342345945551,45.199624212492864,44.06081672454468,46.847550531865444,42.39004031443067,HIGH
97.47280649922973,0.9803930574820081,87.10638411415161,78.3916634316186,72.73994773000317,82.847586080719,92.29051900389125,LOW
78.33960489479841,0.8363653243836572,82.20554327866756,60.86300242692174,49.76201551006151,71.82697616992142,73.33550191140212,LOW
57.57535430269045,0.5687036652209954,50.43983620730303,34.99964466436326,31.93636482956426,61.25068641649124,45.971872301052684,HIGH
81.94353764232213,0.8680855408058414,86.37100762590518,69.32440994916864,64.17625472465453,69.67459379762717,76.0983285554986,LOW
78.99705322518427,0.7964179737328548,72.42844517424035,63.47752242929785,65.1051702892403,77.38356512296278,72.03040350540084,LOW
64.69894949180623,0.44944283828267517,35.007773652751496,42.060939764751794,42.27031089684847,52.182156060433314,48.26989872921189,HIGH
51.2456675709796,0.4185231363279206,40.07477427881979,29.64862859890217,22.269351560793975,49.3751936164626,37.93263972360718,HIGH
81.93652575760399,0.8049565020038782,76.16237611675034,66.05065166226822,63.60939101121,81.06652191013893,73.57707252881843,LOW
73.61692354970863,0.6151997612129756,55.552426738765206,57.072750729004156,57.576769051199214,65.66819795525554,61.771711282357245,MODERATE
87.47751154546016,0.934767988454222,79.68383347558147,72.6640425739285,76.67099724217124,81.25675126527612,80.23408512288638,LOW
73.60899256115964,0.8891650088459662,74.01767565325216,47.59699573665744,49.65466578689487,62.98677870544593,66.28500692364092,MODERATE
91.8699825175197,1.0,99.32633051506576,80.31010895093613,80.0988367749467,88.33589383653921,84.60798463906112,LOW
75.3548761325967,0.7322044742329462,61.805328570863736,49.14440005930764,46.98761002941807,61.329482971452556,64.96347899669617,MODERATE
75.85158843444624,0.9075884980294576,85.18298880691061,54.58910055429476,53.801205553697265,77.732123645067,73.71747131563004,LOW
93.21594814620897,0.9470262271823009,88.8157499247879,73.26291027785345,75.84728926749158,78.53668624540055,83.55184478855978,LOW
67.19155764168184,0.6382069793050145,52.506723330296104,59.819220661823735,50.164372641334296,71.2412067475121,64.19963750417584,MODERATE
52.37083756478524,0.4623681092937585,32.46041444719472,37.621829971866546,33.99354183718844,48.947254877838546,40.846366946796195,HIGH
46.58304719723365,0.43558350332352364,29.294421414814135,33.76978037745564,28.218447614801647,51.72010924727665,33.10384556651788,HIGH
86.53254906204904,0.8265078087663675,73.99394208606195,74.65491791634169,72.81793761415521,75.61054520536301,80.86127739321694,LOW
79.11702532444056,0.8082118754819544,75.4643701586879,58.077130721983366,61.324385064138134,81.41185368424541,72.93911827366435,LOW
83.7243872454573,0.8533012705595594,73.51689076807425,55.928930373545846,50.14761242126318,69.51225230673332,71.71244055851344,LOW
56.71302888299009,0.5674348908452423,52.97846833558973,39.797949773400575,25.856530447383353,48.940818891844046,45.79812940885557,HIGH
52.50043115727234,0.5686981285473585,48.408702422233084,32.95532251266619,29.24645266191053,51.86094742899392,45.90183140370287,HIGH
45.799956611733506,0.5770641935959692,52.32774243672382,39.850951899239824,42.42577296436487,38.27873407014973,46.86541017314953,HIGH
64.28231573436284,0.7377785708877608,63.92839098315793,49.500744244586656,49.713856547106715,55.345456281525514,62.155062543743476,MODERATE
77.44547277700482,0.6259649309250579,58.99050939910318,67.37375579601444,66.14599924526658,80.83170586584416,61.11889936432643,MODERATE
66.57342248048528,0.4103421113146573,38.16031694544334,47.66016352170654,43.87718883624881,72.78853120734597,46.96140843277019,HIGH
69.0611207113051,0.7840431982369783,64.63073352356628,43.38536547589149,34.82094352099798,62.77408315565252,63.82207035128042,MODERATE
94.72872819715616,0.8105994121300194,79.53288596875888,72.02030072800777,70.9957572997297,94.24870297800365,78.42538892637526,LOW
64.15405068628152,0.6190639666735469,54.317028051330716,56.20258465136494,49.22104636862356,62.219734062493856,55.36681126345616,MODERATE
73.26942190378959,0.6156829164319599,58.255499898750855,58.84915561370898,66.82718149992581,64.01038684050701,62.965399823806095,MODERATE
88.10091570076287,0.7008111132496267,69.49716187507767,68.27755654186956,67.71621475654865,84.52870698222226,70.05214411762877,LOW
66.80985302766986,0.7222448030971774,71.68419803534636,52.06471260223783,46.55823545935618,66.62591855363303,55.95369646573387,MODERATE
79.21476851253304,0.8680632011555951,84.1779935339721,54.62041145177629,48.83246464224433,83.15432119220111,71.13693397960468,LOW
92.43000398107098,0.8666489997380379,73.66334465621378,66.8935834887641,63.08418328125795,79.24494893304245,77.58152460720294,LOW
97.2236343011703,0.713132113797212,67.0760302200658,75.26465046898885,70.30390833543065,91.22009749417096,76.96486186908572,LOW
53.08904145109709,0.47626596968572255,33.36970940994282,40.31097840333328,43.87959836081639,43.51170826146661,43.14660800736542,HIGH
95.96231938388219,0.9988035943790765,91.15602504306975,81.2593599702291,78.12847282043788,79.04277628104015,89.70536119459723,LOW
72.0663961193746,0.5727728043163332,50.728067585101826,62.74227014317455,55.94699794147318,57.73148439452155,62.95947251528722,MODERATE
59.20344135644271,0.6103704055423427,52.33570803419245,46.185143551067355,53.3280897992929,67.35196670634764,54.06239436552496,HIGH
70.25246659310437,0.7009936810137442,62.34889232298039,54.96376958963955,52.46212276775868,72.24744721743306,60.67998720496321,MODERATE
98.90179164070125,1.0,88.61835619364012,75.49515397454965,75.56459465566665,94.85589360723182,87.47385253123687,LOW
72.09399516960784,0.7328979885374937,69.05235786415658,51.721399166695576,46.094196671137,67.86971764144987,64.99514757500556,MODERATE
63.081338565812956,0.5335064915699741,48.05489328299287,55.371041916406526,54.418067959308814,56.46641251075917,59.21200585070356,MODERATE
79.83704698741991,0.9180276200406483,78.39134746606607,63.948155980054764,62.306298136768,66.89492327918946,73.4965647208355,LOW
58.20800903280062,0.5662271330253092,42.42586560527484,48.75163078517332,36.865802785433885,52.25990200316977,48.63458219084793,HIGH
49.17248304597651,0.4889943765087719,35.511064238580076,41.11898063504275,49.139407155593815,46.857410875363996,45.51660332095378,HIGH
52.08838470508571,0.4275570511435375,36.46398520499404,30.333503239832222,35.27005038245334,56.796909703674444,37.177749786952035,HIGH
52.04252114267749,0.47609698630762387,35.904216085659165,45.99996469408459,41.713989878650416,52.427252692205045,44.43218328318005,HIGH
53.35464814317619,0.44506621002907176,37.361585003390694,39.63552581081615,32.14240081799606,44.23339104565061,37.33183890027315,HIGH
52.63549449571756,0.5090603389648333,43.4429361142918,44.00787193081544,43.54528640329243,42.46897577575229,41.658599896037444,HIGH
80.2481109641768,0.9736519576560023,94.29499412974097,54.63669555418964,52.33834927355214,66.2451323620227,78.00396904983512,LOW
55.00340464195297,0.41284393212639403,32.41743866376166,38.36225391225697,38.222485959460265,52.21269798750996,40.295080863062815,HIGH
64.01170058281248,0.47876086604045065,45.084048137744844,52.98291779699427,51.29165888811501,69.87321880723036,53.26796084078189,MODERATE
94.32336254483064,1.0,95.02652951399209,74.84248054702006,73.63156146619868,88.20673966004895,88.23647245897338,LOW
71.06789021445798,0.6897465344293932,56.14920041864029,49.33137399894986,54.101333795961395,72.89083016907668,57.441243387758824,MODERATE
81.71567561865649,0.7502494823205732,71.9188110938945,54.38174787840217,54.50317651012529,74.70003238501616,68.58449849083873,MODERATE
54.47759291608964,0.648766397900504,63.80926551244891,44.6209135395723,37.14159036804398,50.815395996772565,49.72536176514227,HIGH
55.57589603447689,0.4951974063710825,48.484626747916,32.2946709884423,37.492751702582446,46.62872428191397,49.9587598539515,HIGH
47.24777389465634,0.6550787103012571,51.39610322257909,23.8369142218409,30.84814132819029,55.31687955944918,40.16440429816202,HIGH
54.29142846896905,0.6107068718236174,53.46688061293422,30.533874731430824,44.76746466741971,59.096343355733296,49.0463986781229,HIGH
60.32246864675773,0.5544335456530071,49.30217348804543,41.58193464484376,33.88536774640358,51.62033686936069,45.61021270036143,HIGH
54.73557663522108,0.7630865876787611,64.14548005275734,36.665605883004815,36.046735654605946,54.03367258570208,55.58701452063032,HIGH
49.87863935663806,0.4382149012660468,31.28410120794694,36.8265627572978,24.574741103487973,49.65040764373535,36.3085471805847,HIGH
51.634972910533044,0.5905592663062611,54.07306113389204,31.423517973403982,32.61808785662983,53.80980938215701,44.966542614173115,HIGH
70.34283224179993,0.7333575804586484,62.93148718375791,52.68266865060129,47.30753372723737,75.19800367326516,64.24245524146151,MODERATE
56.348354512318586,0.6936576740630657,57.79892516852826,37.16475763652084,44.92374872881956,56.67411244510446,53.589440197432396,HIGH
65.03484235764415,0.8064995432491268,70.83019402192335,49.96220004490383,43.59101519256573,62.832219221687694,63.826218626685396,MODERATE
72.68794989701712,0.7300799138767479,70.73406526567331,50.789225626452634,39.80384915529369,59.156818576306975,59.44187836429806,MODERATE
82.97171557461509,0.7543753687115325,62.2992906183974,58.1851136650626,52.91953927829687,67.63552198005254,62.73060615256235,MODERATE
47.16216769126044,0.517618891206516,43.67547082961147,39.51722579007808,27.663925644488486,41.476669979544134,42.25568588184553,HIGH
88.96757193999734,0.8219041824247627,77.95333184692622,63.412220434513046,63.99710668532394,71.82347298583284,75.41350401885988,LOW
79.53452142199993,0.9966839389726616,93.28997111570075,60.775138643993785,47.41096648051249,78.4946750490002,78.6341503290785,LOW
49.49674675718796,0.5086210006801534,50.29853371203173,27.653753899664675,26.413354110597233,54.064003485629634,41.76914367658872,HIGH
93.04682432587275,0.8939360881275166,87.47560679441538,75.11610776646519,60.97124327886094,77.15858414933106,82.61653994043063,LOW
95.64798202924973,0.9749478508789882,86.0115838301609,78.50237411866405,72.97576639004764,93.23996363930542,81.5394710340229,LOW
48.359287792017504,0.3488802489672054,34.887850375390045,25.222144362471305,32.177927923370405,41.78315093053625,41.92920633424752,HIGH
60.228270648096206,0.5051213026298969,44.263642835755306,49.18205823231856,48.52619477788161,54.206128258424144,50.28961964573934,MODERATE
89.34107038861838,1.0,92.16234728371617,63.522716844033674,56.029112977007316,76.452394294122,83.20284545110775,LOW
86.15428297110121,0.7958534018138725,78.76582388137267,67.85844322380302,64.30950361791744,76.36956834834193,73.70021993682163,LOW
55.14865606460075,0.4467954623778136,30.083373793196365,39.35188160711548,37.47437188698194,49.21220016947984,42.331625725232215,HIGH
56.51421278351907,0.6188074030879193,58.48886034004685,44.693425875377486,44.82190631082564,54.990388755584306,49.79274018010778,HIGH
65.37596565352601,0.7723300720015598,72.67002640561176,47.377525075793095,38.174357005599305,60.44893014991452,62.194152772075675,MODERATE
71.64876418550617,0.7883829729215683,74.27915960833143,57.97966384143132,58.043517018596404,77.05040116399147,67.5454562690594,MODERATE
79.00401243416627,0.8896448929222444,85.50823936046419,70.3182229059166,53.280353602606894,64.32173694989754,75.76411201070685,LOW
65.29025017633748,0.5772229929064288,57.7001919593482,53.32125305181661,47.50576763740673,55.07582766881702,58.99921900316198,MODERATE
70.43940938732314,0.562213027199047,45.281130808584756,63.26788758045901,57.66312398917833,57.408045388030565,54.68851745820635,MODERATE
86.11090159735662,1.0,85.49731750301072,57.932715696483825,58.20271404201583,81.40554517753282,76.17902974612919,LOW
47.017576158982884,0.43790777770561523,40.42637552128585,23.000874346689645,21.963984892739507,38.7042464754607,37.644505559463056,HIGH
58.88403193892114,0.5637570177437067,46.429993897319335,45.09252279558293,35.81008138652235,63.83602029865938,55.005420845497866,HIGH
84.23422722365038,0.9751616864214097,86.38772373776024,61.243387414492425,53.25625241468272,77.62615439255886,76.70642462779976,LOW
94.23637607279596,0.9979867616680256,87.07229548044468,77.89661649730787,74.99518572017952,85.92925334986745,88.75390728573444,LOW
73.14225931636165,0.7770113703717773,71.3616990819736,52.40617024300597,49.39052502153288,69.7456976073332,65.1992762863425,MODERATE
74.26624168959236,0.9591626513860321,91.37230155399676,50.731016659713546,45.29884527854913,62.829267477798105,78.29323392062352,MODERATE
50.894460623687685,0.4445927831988626,39.57985130954079,26.869889667474105,23.122226236540502,44.6693745612399,32.700733427823515,HIGH
69.60768017529,0.7888608145610237,68.19676145962468,54.64266664076756,55.39137329452562,62.0624905976921,65.84256041617236,MODERATE
74.29394965502627,0.7486408090399711,62.61238890641256,51.198595030402686,46.05020241453648,71.30508804045805,57.46939441274079,MODERATE
58.33587769991013,0.610218004885427,58.29759097219366,47.18372091727674,44.38407865126754,50.87105767873239,46.746296397542224,HIGH
59.80837770221595,0.7509306196634127,69.5289468439748,34.02089385612139,43.16953210371803,50.173336704437986,58.227717090014146,HIGH
65.75062897075425,0.708289865336505,57.299883582413244,58.6601740983918,48.60875220905259,72.00284090497205,60.326246063351114,MODERATE
46.10391587777495,0.5148687666827129,39.386473872850196,29.422948159975043,18.692587094102997,37.32276899841242,36.393077767487235,HIGH
62.714354107074804,0.7343942748017283,58.66655143873569,43.25279906334078,45.00810743416677,66.22543139238027,56.53209958469376,MODERATE
56.62964038480995,0.529801130893811,41.666389194149886,37.20576520484639,31.95226163813355,61.06441529934841,53.787239768714564,HIGH
63.01235436978531,0.5462025769639525,48.722329680976415,54.303367357024996,49.99701135046064,56.35416577273017,53.49709162670128,MODERATE
51.58691725005882,0.4113882530984848,32.279257799928914,27.65762985559033,22.36896647215524,43.98206612019332,37.29017841549403,HIGH
93.97900044069422,0.7431543454693421,64.40022073322442,80.95743481562315,75.61056237100442,78.09577328666384,76.0597537132225,LOW
77.64758494547267,0.982096562448759,97.03281900011905,57.42775838612859,62.549061027303864,76.06670030112198,80.41122311163119,LOW
82.35062755294692,0.7131854389573009,63.15108950917211,69.66204321519052,70.18958334752159,78.736633864081,70.84573297650533,LOW
88.40441812340362,0.861918818875459,75.55206946045675,73.41964797063784,74.05978313154084,86.37844798375063,78.51125255281164,LOW
72.41432094109815,0.6964618794220895,67.13636838219304,54.24371801242586,44.450396832841335,76.68108020086062,67.81793318718726,MODERATE
49.7806158448083,0.5285468282289931,41.145207061515954,36.45868588903595,28.879982911819802,53.66303994117848,45.436012505288325,HIGH
74.54085980002013,0.826982319254131,73.94164021770142,63.882261800487996,46.49275541303646,62.74971857104497,68.81649008812053,MODERATE
77.27626149114835,0.858809963747458,71.59766958928188,66.12990729361655,58.77650782352195,66.6898615282269,64.8627840772344,MODERATE
85.99917108013815,0.8016839669444877,79.5320622213454,69.03635820886835,70.36805623035322,85.64321148157282,76.75410513718138,LOW
68.74127504263237,0.6707005790476825,63.090165841436246,46.721487972859116,46.970146152958016,59.179141550790064,67.52970402646811,MODERATE
52.016916653756006,0.54842716158639,45.81940796914165,28.855932051424638,26.30556913409279,43.06397966209444,41.5830072141334,HIGH
60.607674818929844,0.5812076355709438,53.67236487400542,52.86435409184921,50.10963496866648,62.55174093598889,58.54935728046962,MODERATE
64.96952630192493,0.8104298206212486,70.32661960105624,50.61049552054442,44.63554303164017,60.02614815134279,66.82499392533153,MODERATE
80.52544827323807,0.8543519778962058,74.05011855179161,70.46799217145674,67.96838697489282,82.82115966950853,76.2799393429655,LOW
76.39280675679015,0.8374158461728833,82.20384515629122,68.42167646845917,68.82998404243928,74.11934682730535,73.71418405401586,LOW
64.58531992438154,0.7121413261105566,63.506315647954146,44.892414279064255,34.56835962805867,53.47663549533844,49.04662585686498,HIGH
99.25833868361389,1.0,92.36664166613416,77.28351597592075,74.91757861631145,98.36380229196433,91.53477783291427,LOW
78.3176150646288,0.8012783065166587,74.58861909843274,67.2254712818682,68.52637207254811,67.82523732450795,71.59056023683446,LOW
58.0474735454797,0.45079154065921234,31.085281127376156,47.566469529070446,43.11264460780007,53.18222864450948,45.331012484685814,HIGH
50.598035994122206,0.5459491551164862,42.182320713550304,45.06407732181962,46.31437651633155,48.52363706896861,43.65735238643658,HIGH
53.407252655138265,0.4689368371721997,36.43554298857542,31.367583275736365,43.87247633431231,43.75028805219688,42.17867160532372,HIGH
58.527675061147946,0.5324150824365037,42.52660870762541,33.18109563406212,31.00032688742455,56.75244849353045,44.52818406603828,HIGH
53.837475529275565,0.597011157168265,52.77537355962971,45.7445372404542,45.4238456284581,45.5363502449263,52.36061008464294,HIGH
55.261186322821814,0.6764401703715817,53.82909922070952,45.105563415233675,39.159999826165034,52.228355592024485,48.672541856917384,HIGH
60.68023427816159,0.6089295004552221,50.47401863672293,37.244020371406755,36.28807516584667,55.55838318237096,53.357456670713866,MODERATE
54.535547741211516,0.5762387786720116,46.68916194236391,30.552717007966667,31.326439282479853,59.08523986149928,43.00727015446908,HIGH
94.32209835445337,1.0,87.07463644318982,76.49734086287184,73.64668552107894,91.52108891621732,81.52971355169764,LOW
49.41285601139032,0.51820387806276,47.709313966143135,43.459120964869804,36.187688318082024,42.59854245689402,45.48293621378125,HIGH
73.848126426364,0.9986495756816796,87.75889401016741,65.67547710987121,63.4235121110049,66.40952488867573,78.0206486601191,MODERATE
67.57182548443139,0.7322692194074684,70.29831289639945,49.33564561460804,54.17984302746582,61.524523608181745,64.16965663351938,MODERATE
99.03082392997335,0.8142319633841517,76.24306705474184,81.26983935911244,79.44952621372944,82.25286802270038,88.19873055460909,LOW
51.16213961924288,0.586955558302882,53.661399016240566,45.4728771057655,48.00916919583643,56.89878179641811,50.72363692823862,HIGH
66.88205794751579,0.7069364179634358,56.01575977050646,48.52880430651308,44.917304241124285,67.6502129247211,57.232423320052604,MODERATE
98.32087383014529,1.0,87.1519416437811,88.26273571535032,87.59910012670134,82.46433479005694,88.81788110742514,LOW
92.60289192416892,0.993347054368685,88.8171575130146,67.59516356876657,65.61174458141086,81.4167517112111,85.97850213508701,LOW
89.93896390221039,0.8855440406237265,77.64855263814181,74.81641105792193,66.32103685658967,74.0672716188986,80.21963596668448,LOW
59.18465548747169,0.46941673124578026,38.510581208539456,52.46102987853988,51.43058340860726,59.91185633183823,48.360248124309436,HIGH
54.39881730645362,0.5230858473359337,38.102224726965574,37.191891156145196,30.373813281136382,45.94649233613529,36.91107046764647,HIGH
81.77537709584371,0.732701725537507,65.82629126051528,65.64415109759824,59.19754216829436,85.13898504917333,73.91031065561623,LOW
96.11567940201722,0.9031044490396999,84.60267925592157,67.02810319467251,64.62333957140075,92.50618501537103,78.02199990019304,LOW
75.62195911576615,0.8150774315997225,79.06221310599838,57.175789954115494,55.80322182331034,68.30233828429282,68.86038335910723,MODERATE
76.43869792084449,0.9313774296435855,81.34465818044268,63.29004450801988,54.179379957233245,72.72223698226269,74.82091667085322,LOW
60.39885015131563,0.6434556544954544,53.32890646841156,40.17018784350457,43.43160730724372,66.54591644538068,49.20594982448798,HIGH
87.32211132555653,0.7536328070520469,69.59795512734266,73.16006014214666,72.36208852654168,80.93967466836175,71.50040611087641,LOW
55.287406170663786,0.597334328528652,59.35553164347676,31.67379972544611,26.56646756111938,47.71989466449014,41.31327010440371,HIGH
62.802358002233404,0.7476867286868991,62.183712952919755,49.02768279186254,38.88837467002353,57.815953513409916,59.75663688059277,MODERATE
68.39900412390293,0.623011750807091,62.129905328898,50.56173245598853,47.30912293778195,71.58210059971725,57.3879293470823,MODERATE
72.91857082764503,0.7157839916091585,61.02290246648009,64.61525166839596,59.15477051567035,71.21911698190839,74.52718032848212,MODERATE
58.33253528282941,0.5847941723012138,43.925560584230524,43.97685699550186,42.343716430991876,59.68051591293954,46.41864318991422,HIGH
51.3160253606562,0.434670422298338,36.902122307610746,29.537152031370677,26.24471112402431,58.389250002294744,35.4897552107655,HIGH
78.5841023342898,0.8506690667272838,81.54230559778908,54.61271599359397,41.84479589018922,80.74674301668193,67.65632565014971,MODERATE
60.87468042821406,0.5966519894213625,49.09213379148553,50.30084120832213,45.84406445640023,67.09559577815997,53.88482643418917,MODERATE
76.96810217824367,0.8116342661731395,68.90650448708017,64.74971054020806,59.984129457856085,63.47146560765806,68.94183811517455,MODERATE
53.489949340081125,0.4461502756206012,36.41857282089241,31.79484816180828,33.37341087758816,53.67447951132692,42.45029071634881,HIGH
71.46270560201496,0.6708812259878086,52.58259346993868,45.708466638426955,39.932044933450356,71.98035490597834,52.98145697029369,MODERATE
74.29241879033722,0.8151623236861494,80.74120154374552,64.95595848584342,70.10153392841409,74.57247193481005,70.60476534198152,MODERATE
47.85029452523348,0.44121963004315806,36.55002902974789,34.06409228418563,22.80268491671756,50.414559659586864,31.99388194713675,HIGH
63.51323530066563,0.8078287381299968,70.00606460316143,50.41282619131449,54.44802237076188,54.14633494420599,57.278061946944675,MODERATE
52.39280723164359,0.48396445375497565,35.456838308259876,29.739757399330443,27.131174674973398,57.862656864148164,37.55486967776958,HIGH
48.48562337600222,0.5073247063352109,48.04363645490424,41.96656274480163,44.16615896927933,53.1907253711007,45.96746082115122,HIGH
99.447812781447,1.0,87.99994777354478,85.28051265214155,81.41549443982814,81.28096565613833,89.04280484208525,LOW
62.72946147360976,0.4854580414427944,40.25519800850127,41.4071485745189,45.034568825920296,59.45976567237533,51.976238935093065,MODERATE
89.5430945220049,0.7193500640219714,65.9867011723477,79.5629080901801,73.64795286290703,75.11402360804,80.02081729885055,LOW
59.00523601200701,0.4374867286630606,41.772947437619656,43.25400479652052,35.59820243080543,53.95372972386505,44.360179035658234,HIGH
82.48264972231611,0.9510849075658794,82.12905437295426,65.3922440564901,69.2251532900209,66.3477416219666,73.69130356420759,LOW
86.81253229393276,0.812939508350083,78.93485271231258,71.4432554847645,67.30368948111558,77.45662320336137,76.10804977158523,LOW
77.76013073343144,1.0,95.35318211186352,62.092671353709825,60.09583015414538,73.20564300986936,77.81193076345811,LOW
70.9366903702587,0.6529421438368481,60.94353140424826,53.244209594628174,56.75575868512074,69.1410041527487,60.130565890563666,MODERATE
67.65125027809977,0.6949676331007013,56.425552797207324,57.65877808252213,49.61606296792385,67.39080712505401,57.922587859605656,MODERATE
64.18775465986474,0.796088541855435,69.51830927241002,46.32906162820641,46.990063034992374,68.07602998994099,59.75482727495523,MODERATE
96.12410293363041,1.0,88.04977904212942,70.40304605426765,63.93341996923981,81.20854049241893,83.23098654823478,LOW
90.68406742832511,1.0,96.24298151811252,66.41244208968942,62.43097320698309,74.95689039142945,82.27319989501277,LOW
98.0764800866582,1.0,90.62688850589501,85.19083398411689,81.29268711183248,95.49192750728508,91.83797219399911,LOW
51.83634729170496,0.6207697254981959,53.50078280266336,43.66772316770499,33.98322770208506,44.601334131216966,50.073738569352365,HIGH
85.19771113620044,0.9112298062821227,78.63052497638822,71.31445266768213,63.85454482019585,87.65337053568425,75.36164772502302,LOW
96.60872512515708,1.0,86.40869409278109,79.72635808582062,82.4954046435953,94.13774468809842,93.02558542409781,LOW
54.96781863911131,0.49455961475825977,49.273609903665175,41.30192514703052,43.667784832602976,53.99178702908104,45.467410190121356,HIGH
48.65729470517276,0.40475305870949685,30.365007085067795,30.197620897988582,28.374541966452977,58.55426426257872,31.178021014745465,HIGH
85.76163571095324,0.8572789113684373,84.95035415004779,76.05186349654122,73.46488761427861,70.55684315092269,82.78027239720888,LOW
76.59602122489515,0.7489417499964587,66.66129502348554,68.2429650178843,63.3596042388078,67.33813220341816,67.50459650924323,MODERATE
91.30058272170496,0.867683022284322,82.45381129277703,74.3323131906563,77.39861446026339,85.8049544781762,84.04728812080862,LOW
52.687480714445925,0.5965135518901308,55.049706196180956,33.475458800241725,30.799922971258816,49.150121941020316,39.852297616995116,HIGH
88.73970215229396,0.9829275423799906,92.99837668621372,75.99702507793492,73.35638428471242,89.55921276145101,90.42663128840871,LOW
56.08950260262595,0.5697357146554443,47.65418472980027,37.65046271723832,41.49809030208673,46.18412384565712,50.44602524506252,HIGH
54.00107685761375,0.6877637766816637,63.76562818313482,43.40440641304638,37.34732866816453,54.18909812731029,49.23682995851296,HIGH
54.03461888620461,0.4261772774486956,31.627241986015356,30.909434821313823,37.1579090027326,55.045020456865984,35.43979003199017,HIGH
89.80160961272603,0.8786501501992885,81.7971042363208,62.9076497661211,52.10996022909816,84.8958501657253,80.95436793828142,LOW
81.585847138291,0.7441762393226296,73.39232592761357,67.48151833883537,72.2556530774576,70.38200217726909,72.26840551213854,LOW
73.76859836230156,0.5510323219157096,43.34683455430935,61.791863446806595,56.838892354706395,66.30620724023854,55.67834649965277,MODERATE
64.73567662679264,0.6390886976836565,59.62249489947506,50.03602952278875,46.320734307522905,68.66215189473367,50.64726835429683,MODERATE
93.24602974472096,0.9202855466088813,85.5370514668992,79.11079506664588,65.70520445739886,78.49567917517997,82.45537903671026,LOW
66.58448090824494,0.8171897834066625,71.43732009233773,46.47835595158638,41.880464567118594,69.8049416700632,61.42798446290002,MODERATE
89.91296917093675,0.9622108601648452,91.23424365925383,64.40037856287736,55.98132697959907,83.18348379480426,82.7227675806802,LOW
69.15241997136201,0.5891055172806996,58.061766885869226,48.77533535600147,43.29833686133403,70.56568620097126,52.41886186463189,MODERATE
65.73194361836991,0.842728692817118,78.6640535765196,42.67174031154593,39.85159846702424,66.85770221996536,58.55015005439406,MODERATE
70.44738821182835,0.8265772516708189,68.49099642666734,55.462806146496035,57.47862391153576,60.50814047716027,68.3012885432972,MODERATE
61.575783079027815,0.6739676011371397,57.770744154235594,52.29186535694782,50.715288846103554,60.63688119189971,60.95317361181702,MODERATE
86.11851590969381,0.838536749211955,73.78148769118738,62.74764537077259,61.14864636923953,86.2492757838569,69.48147116450977,MODERATE
72.64962145508636,0.6305522908785157,53.57099678328697,58.17516920674665,49.7888138021815,66.76202190010768,62.9420193231186,MODERATE
57.77169823307495,0.5404963047236442,51.06474838797287,38.569111905184805,32.23688586191191,65.5491739909263,47.66192570873718,HIGH
94.47660153010126,1.0,93.7249920384658,79.61606253745583,84.62888450233959,84.62558322611537,94.194000690452,LOW
66.11401717552663,0.8495988023487272,73.69578325942294,57.87802276184051,51.30811644993225,55.746926473779,66.42909776367797,MODERATE
74.89540736126938,0.9032784264399126,88.80724918069387,47.55423071538717,53.45756043990429,67.70501949056897,64.73265347491458,MODERATE
94.85596610305008,0.8996747188518734,85.79968024384166,82.24633933413308,76.9187163730221,94.91882101025081,85.92382439727731,LOW
79.33308977526957,0.6813691544237945,63.992128815391645,51.631360918473,49.06123255326687,69.86088880701274,66.78922406846036,MODERATE
51.42939223896003,0.5283825470807206,46.357970794154475,26.74085436373508,30.755637446697975,58.50547698850929,39.853596551138146,HIGH
96.69076679874112,0.7900637314311261,64.30084202897983,71.14532804070622,73.94752374836419,94.9776270726307,76.39626722745355,LOW
79.52394291892799,0.8275562006077579,81.74308186051847,58.38308938539524,54.909872114730035,70.62288482178161,71.94113652408035,LOW
63.41980880613974,0.6194378294315306,54.16326802744413,45.521686920504074,41.30438730687117,52.40100020592443,45.077925509713324,HIGH
52.6599639964863,0.4799959897780387,45.30912874762071,30.071936689280975,28.288737612205857,56.61912938036541,46.87479378484308,HIGH
88.67138540986628,0.7272435473719832,58.16420655605215,74.01545643648988,72.00447125582598,77.16735430817275,70.41663687900649,LOW
79.10400157606824,0.8424000264176541,82.54045007085345,61.83997716876389,63.20449674467447,78.94167354600604,76.4812155296631,LOW
74.34036005869768,0.6901335166207857,62.95933662665471,54.51852466549788,51.813747727193736,68.3253850121668,62.95735175746868,MODERATE
94.16409206780267,0.8246492371069979,71.3966489381807,76.52387334363259,75.79211116656673,85.03660850109458,84.16978421203711,LOW
88.37284661734918,0.596502244845327,49.08190806412102,70.9858328738089,75.62833989147316,86.25646542885008,70.30293361969767,LOW
53.34211838530132,0.5306696933479496,46.72603978138597,41.4022131967295,41.23865059821694,50.32096132947362,46.730374226480954,HIGH
62.14471372875515,0.7986722969545259,74.66936717616181,44.645606022188915,43.97159000110336,58.57831788946241,58.99421830653829,MODERATE
58.66690268979562,0.7527949483527432,69.31530915698126,35.78872186051374,26.404731642037717,54.457331527228945,56.33028389861639,HIGH
85.91704609149724,0.8134608352563453,77.38193957825494,73.29477392222127,56.476384541964876,76.0804471787434,69.69582803114554,MODERATE
46.844283910467865,0.40822163306850057,37.74216922624806,23.47119474435225,24.239513653285478,47.99435866640348,37.5761909833441,HIGH
76.34393266792242,0.8103167522867266,73.78607976528932,54.92778632616558,51.70727585345294,77.25113502436095,64.97074325755464,MODERATE
86.93522771573798,0.7695137332385507,72.92336698284096,61.77624069056358,56.11351528146169,76.7835484110417,75.75334481896978,LOW
93.22211002189621,0.9624002902009087,91.92810404663211,72.77608516710636,70.35493192968276,85.0627824282717,86.1948556591363,LOW
63.81449617937491,0.7147529896322182,61.62395801110346,41.842712532956156,39.44855826032381,64.46614345235194,58.17939822766138,MODERATE
90.1691517569607,1.0,85.47194002450162,80.82822863447528,82.425718455921,77.52411033164167,87.76561737319523,LOW
51.084745532536395,0.5008320476773687,41.02864675934624,29.608662483692054,28.55878370080234,46.41825252407697,35.43675361542247,HIGH
91.5548760453985,0.8951813854362884,88.36344653765435,81.59661125915133,73.78216427084293,91.9121633767879,82.82103848016283,LOW
52.01187642825903,0.4323205056069342,42.098296352882414,29.01242125817588,32.51263139006353,56.080192609229,42.88390825896261,HIGH
66.8508009808202,0.5858199744042158,44.3106491277381,40.32646593796531,37.224487266336034,65.02437430912234,50.571496939244355,MODERATE
88.85124511787545,0.8658645619886018,82.12709434425018,74.08477136255236,73.01321621278628,84.0353971827126,84.99088195821754,LOW
53.24545850418256,0.5691911357234435,55.53810878110722,43.71454152804843,39.141760920682,43.18235566541442,51.32911595962928,HIGH
57.60882673779528,0.6674467300012777,57.759004192872055,36.540676786854945,31.464508520025017,58.449120701470164,47.72755623261127,HIGH
84.72389126161865,0.766921017548152,67.3373700804612,71.19097531705172,68.05226770212762,77.96929047377895,71.42003802356362,LOW
84.6020095100341,0.9952889519962931,89.80132289784898,58.83056089558662,55.953176068525714,78.59660120361599,78.854138901528,LOW
80.26311980869136,0.7755188379826566,73.54085338040254,70.17995598467269,69.07009336227321,71.39897238356943,67.48265573916856,MODERATE
83.1671644456905,0.8295349150220613,82.726831238989,72.33134407353428,67.37154810330884,68.16320951081124,83.26085953506166,LOW
74.84984438411779,0.6737772759263956,52.90249705082248,47.7818288436937,36.21093848265703,63.746660179535276,57.77944672984914,MODERATE
58.848948239882404,0.34606545637152986,30.843149951786447,39.48727545049407,35.34904226002742,66.09405285615935,44.28800995421637,HIGH
64.01327964271557,0.7285373360632607,62.71333928553785,40.67420718986496,42.609589166090785,59.38461495959115,52.49095186228266,MODERATE
54.98787442407841,0.6235631339500274,51.756865346822096,43.002499434640214,39.36549406669267,53.323962655880024,54.09680116157587,HIGH
94.96478087334955,0.9215150530216741,83.00139404597512,71.93862779560251,67.10977939324965,77.02602049574843,89.22151630622983,LOW
77.08654871213662,0.7775645588438533,73.06284497118061,57.493057294751026,59.55028695954316,62.42056356058891,65.77219772347644,MODERATE
67.04682792200019,0.7220622009904119,68.13977629258021,48.27914272734123,42.30531945467955,67.9810912785353,62.644724753249676,MODERATE
70.4103192004273,0.5478486063156187,45.819836391021326,49.71863808963013,39.518690093934126,67.09014864276406,52.640131558889664,MODERATE
97.10058367864984,0.918100569051869,78.81862240101152,75.88334184820289,71.28601915816527,87.85458662724521,78.75771361981214,LOW
53.43432717138441,0.6137697396760269,47.17596803375176,39.50964706819265,35.113294958539335,47.6099523455609,48.78687786391682,HIGH
77.24264076092385,0.6469974652923136,63.111159463175,63.99992279722053,55.96869505859323,76.68912724133753,68.08794908122319,MODERATE
72.82387733864563,0.7575945666031192,73.43702747134611,50.169862986517025,46.78447755769772,61.62383345308635,63.00814000305528,MODERATE
78.62998294890562,0.6506416490267157,50.893121020925385,66.24153605395134,65.38698748748769,66.7026812323449,68.65177819421439,MODERATE
45.996060110146225,0.5066035993448149,39.6123315094596,27.54936797604332,26.125456769402074,46.01109151508249,33.358358224993,HIGH
92.96681499192833,0.9261040016895349,79.3654927965069,79.00347703974897,76.58820855119271,80.0990492357815,79.65853179930379,LOW
96.26650553659869,0.801151873775436,77.07569786551345,74.13325158384974,79.49362749723436,81.96246405394189,82.78133438095016,LOW
76.0823250974065,0.8772971864197822,78.91593057533719,53.53252724508528,49.14150657504319,73.77061296899183,69.8433579501709,MODERATE
83.31579531322907,0.7596987954524859,65.45278562898648,70.60993800377538,68.47118427680996,79.67207115495415,70.72363425799716,LOW
95.73746596475127,0.8763494159460745,77.43326331290287,84.96485335104998,78.1705438705018,93.0803141677996,87.24554364327817,LOW
83.89812488723692,0.8590381685954634,79.78154149654587,72.88883753862974,65.01259706226338,75.47267124924905,79.33401711077263,LOW
53.38964736028437,0.6487602085457153,64.6450974792019,35.93074327883542,31.209667847804802,44.1734197087505,53.44605161224562,HIGH
76.69585980917472,0.6653764161939074,57.79375076732679,52.03734570374253,47.04168556094696,66.83001554576893,60.44757854872796,MODERATE
78.36932755105707,0.7898612604953679,75.18960296184267,69.63245837124288,67.94821444041635,82.29557130478199,76.07990398336017,LOW
68.32718692163124,0.7261535192493697,65.8615382327936,46.8114430486352,56.21624982970722,66.58692104195903,61.36749959149349,MODERATE
85.50443295935975,0.9243548903199118,78.07177380573393,70.12761674442272,63.041018725822376,82.5982880635082,84.04817737315976,LOW
96.39018581229581,0.9815460136506806,92.16907160043154,77.18059983267578,71.23844331296468,77.25930524234495,85.2501458850704,LOW
95.9062682098727,0.9223598981903948,79.63896571907307,67.73845039197413,64.03591280681917,87.0891292115486,87.00554936362725,LOW
69.79616542722727,0.6152026322074007,58.6921541345013,56.177118789787635,55.347257093846984,56.58750549241788,60.95080245204892,MODERATE
51.228092521241535,0.5208953135170528,42.00262388132984,36.798544590327666,36.27637142058521,52.36707825882219,39.7696321073586,HIGH
99.1662659429284,0.8844487582307233,73.78977150648818,88.97599105342195,90.94767047049143,97.74842974706424,92.14591153939237,LOW
91.13939475452638,0.619258899195803,60.39749340648625,80.39348087897697,64.24184648235207,92.27989841362925,72.45820112169206,LOW
51.856447466179674,0.5622204550775636,56.09724637434847,41.49897089686603,27.489373001044363,52.29621148072222,49.69782281617498,HIGH
95.64630354395547,1.0,93.49625811051078,85.52462837313843,78.76900609443076,85.6811389402087,94.53970364410125,LOW
92.84429991341705,0.6921497555799867,67.82559331222816,70.93236340111034,72.87224616877336,93.17578181570352,76.7778900464674,LOW
73.53609314193397,0.634387860948346,52.21302084969113,57.65451669170813,46.94355069909474,72.30107115348109,57.213261521268194,MODERATE
77.52014896597112,0.837116915760231,69.99346161829472,58.805230014813574,40.82680681560411,63.31410476354509,69.34844238082054,MODERATE
66.94514871285716,0.8752010340997415,81.00978881934277,56.757690123644856,56.77570264855865,62.87063052363568,69.98781046516835,MODERATE
48.01189013521172,0.482198272119658,44.33915257963419,37.292060532958224,36.645743624823886,43.21441247745546,45.30126602124012,HIGH
63.43584829052455,0.561558188782332,49.63976909313405,43.81577396441759,36.17394323219956,60.14476506139327,44.038240197377796,HIGH
89.15693967289063,0.8732797526184223,76.47625799409221,60.935191232993574,52.96073366773925,80.43486317843974,75.58086627554849,LOW
45.25476126525316,0.5900352545673501,58.86771303302944,39.720949666683666,32.88618358517611,47.84670506849737,45.500769084683576,HIGH
63.342454443012926,0.5688281265176758,48.04100280949712,39.200522581606315,37.7931730398957,57.809373361395366,54.77692811764833,MODERATE
66.89927814750189,0.5890735808099935,49.707982807688666,48.67172630652753,43.106563610286116,56.80483150712007,55.77925266265118,MODERATE
74.55675816158576,0.6972932293976544,60.163999236326404,55.82269101031471,55.50187605467658,69.71979522106774,64.33293989047327,MODERATE
95.59205890270184,0.8605877282011472,82.42844162040156,76.02728230827645,57.952784878340665,93.0777048090767,81.86752035575333,LOW
64.04902969012787,0.6527573285007582,54.56494199940391,56.25624500303141,49.15917342724084,64.51946831345434,54.719801727167045,MODERATE
64.08242610429252,0.8032921068898813,78.95833839401148,55.87664645914006,47.452544331627806,58.03329820193834,70.55134863470494,MODERATE
85.56256864603617,0.8879336137719647,85.80430633019445,64.98807166825084,60.45696469297583,87.16051537200607,83.97443789472062,LOW
69.87198674893939,0.6734845172767652,54.18640102785929,56.06561664533429,50.57209702061688,74.14174082413516,60.81986713591932,MODERATE
57.35326526169901,0.5443515257254357,43.35430531164507,33.2725774039755,35.598167433255554,50.069580197041184,50.22389633218591,HIGH
69.88417338729813,0.5425226530033156,54.046081990161376,54.76394530137888,42.72906417800965,56.695690412245774,54.173363674205774,MODERATE
52.747136120888996,0.6157823389236059,57.852589986813584,44.60679333474728,42.60391104966367,57.023883063726444,49.70712712224962,HIGH
54.70128425784228,0.5392291228771426,50.70681504281679,34.93677916201734,35.981622319974996,60.31323263325689,47.00007725280628,HIGH
72.41022750067138,0.7060542836476513,66.54333344421055,59.302136321784054,65.62026668850463,77.2854733195642,68.6534013920075,MODERATE
68.04089972275014,0.9997197540119875,96.25857884700045,50.72740360335726,45.78220356772202,72.22944765996633,71.65425716293609,MODERATE
95.3165245587455,0.9830405364240236,97.36615920625967,71.82821639276754,69.85909859489175,88.2639150111247,89.27563573661058,LOW
64.93166445141482,0.5741375395046298,50.52964620151067,40.433215782231926,29.3922410303085,62.54637834537947,50.33998977541754,MODERATE
76.93235926529239,0.7266878330323696,61.67778118144449,53.39529944272963,38.765753449028026,62.102708437485646,58.32037788751165,MODERATE
79.77453583557417,0.9125899292754172,82.15801705678017,58.26986089456227,59.580239728742654,68.7527576053549,76.38489329450789,LOW
45.72019511235835,0.46852899217735994,36.759824188764796,27.55551195321964,26.149934887318306,45.76845112454521,39.601838205952355,HIGH
81.49455546091909,0.6711177567774541,65.89453799970183,54.42660703418546,57.597840131468296,77.76572237040664,67.1120067510097,MODERATE
54.79197817783633,0.6398426752358837,49.71190687093656,43.39629841012198,34.35946904476714,54.97861920863728,52.56289427098828,HIGH
97.85886746082004,0.9117742660543009,78.6000490977847,88.05073883081428,86.24771258691733,93.13981376228985,84.59628509198046,LOW
53.176450026421215,0.7190942778859668,59.83307301116173,42.41971383581512,49.64281734674363,48.13649863887779,56.73416673880178,HIGH
67.8043268049863,0.7860480746213279,66.26005038650626,56.666066531952794,55.93129124714148,65.5425135970385,61.48214152722395,MODERATE
49.694231744325414,0.452210127877379,31.230355165746484,31.48811686761291,31.296618552187507,41.51823026327618,34.654595811558835,HIGH
99.82808385152711,1.0,91.83619050829454,77.17104347106383,73.35527170163238,88.13577755288583,87.26998694972811,LOW
72.62072556821835,0.7329928067349238,70.29505040547801,53.48942535730204,42.960546803807375,73.0997971136667,60.513178708081995,MODERATE
77.74617595260241,0.8627391270382461,77.02215858603648,69.6466894931531,72.94221969704718,76.06495783066282,75.02463044739241,LOW
48.68920625636351,0.5353653442930826,42.39331202428917,29.244724541714213,24.728200115603173,58.764219748534394,39.49100750680362,HIGH
86.24782587195477,0.7778425932204605,66.71549842173566,71.15243503504948,70.11722956521209,74.55608321731894,77.11624459902352,LOW
56.54480762025722,0.501093092970826,42.2875739345794,37.58920707809887,27.89457519133766,55.19963207968536,42.478310767136804,HIGH
94.39298591923927,1.0,98.97311920999633,73.82211875727226,64.23371449686975,82.10499701087136,82.50470987496492,LOW
56.282680226510394,0.5293492690544499,47.36823282899307,43.79979369530122,48.78524100664734,53.83820646239181,53.600188094802746,HIGH
55.487824636501664,0.5145134000408169,37.639840877131334,47.24751683076934,43.14862954444166,61.52926230658909,44.205200411679115,HIGH
47.01023173164522,0.3745900593815169,28.692272291790303,40.42083060527108,45.66616645522025,51.29236688908591,39.564673497102454,HIGH
70.96368198104996,0.7519967263698457,67.12469348814886,47.23694712070049,44.483946469372874,74.4197694117916,63.12398564564917,MODERATE
76.0662623294439,0.9669151152187535,92.65870880614246,50.09168525486835,38.377612127335645,64.92323203019285,72.47307598108361,LOW
48.61397516855938,0.3793864602601665,32.41191222726796,30.756816716417447,33.679313879255176,56.35840249167626,40.57919267873741,HIGH
87.65401891822557,0.8789621348495316,74.46602214765561,76.81993472919336,70.02947640395566,71.31846061814815,80.68033720956169,LOW
69.93088591114152,0.840530914652958,74.05614575239328,54.89725298226255,55.645834400734635,73.71669433765626,65.38454772407306,MODERATE
73.8414648130169,0.7304505090055975,61.23424549927475,51.878534329612066,49.41066195083187,65.65464743962808,68.92528427474004,MODERATE
69.24195108160255,0.7376566904409989,66.95048769808507,46.72133829324093,36.66968023886453,61.685313533563374,60.03809723331063,MODERATE
67.04196834814293,0.5641803306667413,46.964324774831766,57.97339906750687,55.89620294098437,63.87534621248763,56.397508009203186,MODERATE
75.78021822195198,0.8006328919402846,76.33753506288036,68.20158202284914,75.77261863247068,79.43797833202623,78.31546899940058,LOW
53.53821352618919,0.5166677087614371,41.08485842189141,33.94165125595818,34.70950098573256,43.786198114579456,44.18728434177216,HIGH
55.006047177239914,0.6486334713403854,58.44932712848848,42.373518939791815,39.96725422777491,51.04945724320684,53.640508911879614,HIGH
92.39820915574344,1.0,93.36181727777881,78.06876160780389,79.54204053719818,91.05000709826147,96.53528095279285,LOW
97.03635041734981,1.0,90.26016513134678,87.07476597982432,83.77437000684866,85.55016988258919,90.81485350075238,LOW
65.53201239538642,0.7132834412752218,57.284134805488286,48.172823020617784,46.81185302090086,56.40874786825047,57.038299794567656,MODERATE
59.890957022895456,0.6314892018871712,62.1888249895878,36.87884661208628,29.576778420686452,56.408649244944606,51.78920174341601,HIGH
80.41997487814587,0.8236381789391922,69.9926693337141,53.22534446487953,51.733317370583535,72.04702993235009,71.50274668764463,LOW
67.4803794103953,0.6394871648228841,59.56296982610552,49.41744245708999,52.12378741632021,72.29262755765032,54.67091654272481,MODERATE
46.39624956131897,0.4978108799593588,43.12229617834021,31.467398050389185,25.713717387369602,52.35568716391712,33.812985144907955,HIGH
53.58839285514047,0.5063437875375018,50.305678822125046,46.528425859841605,51.32448367308426,52.973025398992505,49.05148953411156,HIGH
84.37847258660686,0.86063082349303,81.5473911817883,64.96316929709418,61.256480711513845,87.27018940371693,71.48493095418328,LOW
81.24081680505833,0.9441679216113792,86.87732352168597,65.51715354524461,57.80244831028968,74.29820406956513,76.30562255712448,LOW
46.49027958769159,0.3642485393489518,35.5822127746836,29.69854601125089,33.20177909528957,38.35698028655878,38.584487989961495,HIGH
57.20846890631222,0.6860725451760267,61.24081857685519,43.71309505815006,40.09346912655121,51.012261561349476,51.80682154180821,HIGH
57.70911381234393,0.7088026448574258,56.973605052866176,47.132219962102205,48.573183401427634,54.8887006542614,51.80670933342075,HIGH
81.95410089793006,0.8077341562801927,79.1925173564022,71.85938530356952,66.80762287709835,68.70133320126645,76.75111076388711,LOW
46.084079576490026,0.2486553058640408,13.398919665271515,35.177302727063115,33.11930687306044,55.81856618767288,33.08866663591807,HIGH
50.72597200915156,0.4464775213820724,38.50268633756735,43.72047812248136,44.002255238028745,55.917755563676714,39.27792985783893,HIGH
88.99538469552542,1.0,90.17239428213493,76.5579072094932,74.18449713696857,76.56205176497579,88.57322744815075,LOW
54.81995641298835,0.5459127578999953,50.68772682022109,29.591237600098598,18.134016817834976,55.67205580074899,45.08301979159905,HIGH
80.9010359318531,0.70908013608904,68.51562967078362,63.92886120053542,55.12619944003669,79.14981188767392,71.46719281655233,LOW
58.10005295756996,0.5305230374528779,50.64536453121939,41.65261233171263,44.21703163908108,65.30562094419193,53.890938756178684,HIGH
50.46927660176398,0.5887547686680951,57.81809768216234,27.94997836684328,25.891796503993376,58.0081282649194,51.880062930807014,HIGH
58.37447050496998,0.6384180618698377,61.057105613465126,32.62564544465923,28.375706658569158,57.003420926740255,48.934876960211895,HIGH
84.72468125206126,0.8233536026036432,72.3720694855298,64.5979241399615,54.57515785667606,83.27279739750935,72.55792665601544,LOW
92.06330574584572,0.8839506162769885,75.16970245004623,66.60749875037772,57.87844220647958,84.89353967322829,75.38500924723631,LOW
90.66209255118454,0.8674451106074633,74.5326257768789,75.05706280933259,61.19521646905623,83.58375184185844,77.81388949060639,LOW
66.84509412901502,0.5762099228403,47.34397763591274,54.0457055671677,50.83701669530165,55.77091446997586,60.063296024880856,MODERATE
81.74468251138555,0.9789843940607996,96.24196145491342,65.51613984035579,59.24814494543276,67.91849916943147,76.82343341583466,LOW
56.27413624787015,0.5305093155575675,48.71311986131751,37.196577369610154,30.503809046203067,55.609981298745275,43.30155315884584,HIGH
61.12312516435573,0.7329471037261069,68.64760724277366,41.36697886281818,38.958012793837504,54.275731031064716,61.56508185537786,MODERATE
94.29847001866159,1.0,96.25064580403568,78.56383432380642,76.45549576187979,75.85951406413865,92.77306277732751,LOW
45.71510579309048,0.5569821477457009,47.97312987892424,38.47939673104886,47.02141655554614,51.02886871247663,45.86358901450452,HIGH
49.702969196995745,0.4538676606981526,37.35345884662017,32.08474714798601,22.921092692770635,40.4121072913999,40.532258535490456,HIGH
56.4337440330315,0.6047104493639759,55.11775530883094,48.223852385953066,51.609564983158016,57.05253204850629,55.537669957925914,HIGH
46.459271213060084,0.4621731514915092,40.91047776810438,30.243493927167474,33.59682703588446,47.95129285299436,44.53174784091874,HIGH
54.97894892993885,0.4594193032263757,33.51359635404635,35.61261147581879,29.93651720514434,63.35945295550717,40.56714981327394,HIGH
77.06728585333306,0.8031087867054909,68.4714859457538,55.34832734011072,53.59709074603534,71.33809146961929,70.5298883421955,LOW
68.17835028258739,0.5638795237098936,51.77101489577818,46.29107304113672,41.688353142391804,55.81470895362586,61.65290146636652,MODERATE
94.09694410923362,1.0,86.29317334190111,67.23006126699696,64.7970011057408,86.31131464351614,84.93573623912377,LOW
89.95939589561425,0.8531322292263032,71.02099766759272,70.96427646675707,74.96171771044196,88.78944012881342,78.82705133868276,LOW
63.79995434338318,0.6581155090211157,60.910412771660965,42.81497511845343,43.70225752568732,70.97694916033535,58.37936314264619,MODERATE
59.26828883872109,0.6210116755418251,56.78479332228669,40.958005247532256,41.45314685132285,56.021494544758326,51.666933256162075,HIGH
65.88308244919968,0.6329403271215891,55.709520410829526,55.56197540832606,50.632330038136544,59.1124408092946,65.51692105728155,MODERATE
77.46622183831442,0.8333315985306716,69.21634766506206,69.20580675709483,58.32523309461841,80.10604340969152,71.75674709938004,LOW
59.74350024525819,0.5499446367903295,41.84967218189827,48.0783225071937,44.63206532913197,51.61964277772898,48.966824139872976,HIGH
79.32818993170237,0.8804116290627481,86.50264346752095,62.53469681177975,65.44100274551035,75.77113024602042,74.62522084155599,LOW
67.51764087051822,0.5405784406805074,48.166882918979496,48.42375789489328,38.36673071720037,62.128401180033535,55.25837796007542,MODERATE
75.3625949468589,0.7662639074232303,68.32582289607645,50.827148842108905,43.01034455911998,61.11172325659823,66.24376654870585,MODERATE
68.98695910244243,0.8837624909302527,80.82926200475217,58.16334885807487,55.886520096341464,62.135336768067894,69.12023587448968,MODERATE
61.19561677480547,0.5119230352874973,48.284357509696335,52.56505929935538,45.0135324101513,54.26106386989787,53.66565851273875,MODERATE
97.16493188291861,0.9038748217767009,77.50523061014776,68.1788397451402,60.807280522307124,91.45376858520463,75.08827711151099,LOW
86.99831867878684,0.9213739717537599,81.98328543042344,76.13759562338002,70.21272293357013,88.57446489686784,82.08410625904948,LOW
52.70622466715489,0.5450204248655087,41.933416863773814,37.86578079829562,29.144404737430087,47.52592348129667,44.70223387917525,HIGH
92.7657386743852,0.9627203966712079,83.39057547687871,71.77789023108065,63.31838648844477,90.4419097225418,87.0322347489128,LOW
71.80871590372325,0.7670058720519989,65.4752494002138,53.80035589520217,54.627477684378604,58.5541690617468,62.50917191973424,MODERATE
94.20037247917503,1.0,93.41184098125424,83.05969209059866,72.3698585749139,86.12271818413629,85.00092100727292,LOW
88.99203907710233,1.0,90.84179867476863,78.95229688931971,67.01532137237953,72.60463253587976,82.51808436306648,LOW
68.38674274580784,0.7248492931509296,70.07944822329681,59.43839992200634,53.31635502823655,73.39005401925905,61.0586126325436,MODERATE
46.23581195760646,0.43823235411421035,33.718554149297425,29.900477084393565,32.06523074272312,52.31567517723297,41.47016662291973,HIGH
59.777254766172035,0.6650299177819935,63.81419294211013,42.91263153686841,39.78239092004054,60.98080203702948,59.91260149341093,HIGH
74.78988180634768,0.9378870115529984,83.37945729764748,62.63607778497802,57.18136850515102,76.30983307757143,75.40297505191715,MODERATE
79.84130209043809,0.7851496462661236,75.07099221530282,59.10168904448245,56.36839857983635,76.82343758375373,74.30813618012218,LOW
59.18382269882613,0.4943852965211971,47.67526014986641,36.86409038783053,26.292348704140743,66.72594610254673,45.32050860073452,HIGH
52.664584074005326,0.6373539076687506,61.256123414730695,46.566546469672915,46.71174741506443,56.41082621649969,54.08248199757679,HIGH
90.92116302396145,0.8971735138442548,89.68746935613943,71.86644785060446,70.19030061509245,91.2301026108141,82.42867524613692,LOW
99.14211993869537,0.7741542447855501,66.63433021075205,75.44169970277204,69.62307234715483,89.65633379116906,77.36612265985919,LOW
73.91296002664772,0.8238717679815194,71.40116106227626,61.47542548258921,63.43127676744183,61.471656280955436,65.95077129890345,MODERATE
54.44236072165669,0.49089078862117463,41.36507861341857,42.84270654362804,35.06309072168144,54.117443005785695,45.54701007978895,HIGH
59.97690295856529,0.5907157013552369,56.65112811969293,41.706454602921085,45.26067683904287,50.518978928114095,53.20484511749771,HIGH
46.01148721011067,0.4933129051580082,48.07797545314047,23.45163262022487,23.051519317189882,48.659059351616634,41.286190171888244,HIGH
95.28643436082744,0.971914311586181,96.90449666205879,69.5593025186867,64.39857444336151,85.8790086992152,86.22062818530543,LOW
51.476309558957766,0.5857082773034816,56.08460507586985,34.66607422107032,32.83340233317524,53.63255560382185,46.954333313347455,HIGH
76.70840615328395,0.7235354244758552,58.99070942283831,54.43313118281057,51.17515079461533,61.56766454372379,60.56423100749015,MODERATE
60.073037137796334,0.6520409511955716,61.58104249403194,46.76928401986073,50.532234300956276,51.955239543344355,57.5324333495263,MODERATE
75.47979013836864,0.7288432336252947,67.57025345427124,55.11250056255662,46.97347989707372,70.21044074893754,66.57144215878611,MODERATE
80.82812135935254,0.8821622616822756,86.63604390100757,63.421677400866145,56.43799733508984,83.67256831926474,72.46930934422048,LOW
90.63579920389608,0.9678947404402661,93.45405447280406,77.77349655435526,79.06633618699989,80.18082017022004,88.28259750737452,LOW
56.35316994683318,0.4699878292638723,39.210414364684155,36.68308747460472,31.871258424955187,53.56997647853924,43.51655717760761,HIGH
45.604770576216424,0.5646459173796675,47.34830149153196,29.915000771618345,32.92191611969538,50.77773824110558,40.62539576645915,HIGH
52.528709653784404,0.4716907520264392,43.48879049015075,40.10340704933414,46.59541661191098,54.09882286874989,44.65076178143869,HIGH
94.50102530164578,1.0,99.13401761162324,66.8241389699086,61.473956886705004,81.57934324328329,86.41900549744318,LOW
93.06395426593834,0.9673682739995174,90.87133436304076,83.33887648280984,82.57874429154587,82.66749132409923,86.11066354309033,LOW
77.85772061936696,0.9623955738731818,92.72650682342316,63.75648553244034,54.800199849119025,66.64017247263823,78.65527441423329,LOW
78.02842732385093,0.7579376750013241,72.50045865168539,69.08795663591292,69.40722529445631,81.74317104168492,70.55986205220455,LOW
81.57701710004406,0.7808384913886208,63.68590709816025,58.08876906560711,56.18145054226059,67.87430131118245,71.16647496777324,LOW
54.64542032428973,0.544512242654124,45.206716976526536,35.13872920958491,35.74698415990674,51.15307195076017,52.56440741459991,HIGH
95.29265702587278,0.9226085919753003,83.9076825499486,79.13634694855917,71.95166924095423,76.75090506509846,82.31772925895412,LOW
68.03237886906402,0.7603179788848451,69.79517133563468,47.71588293801616,37.02467171327949,58.86149293392214,62.02659760492969,MODERATE
66.07261905372236,0.4990951296935648,43.47534796790431,51.546612624431134,51.4855423169571,68.46751801058099,50.72229334322017,MODERATE
73.54047379055606,0.6300364959909251,54.8900745415213,51.06135058305178,38.191267291501916,62.85588367822244,59.97850309003473,MODERATE
47.58312817262803,0.369050989568361,26.45865185129449,33.7411421006311,30.46733253438687,39.66777058868174,31.40507244422244,HIGH
54.14558528158437,0.6364866120132012,53.116469758592686,40.485432196792615,43.167069919052835,52.80553182215797,52.510802028854876,HIGH
85.59184890345037,1.0,97.42459138441825,58.33806570333931,56.38065109753752,68.67286381745066,78.1619832463075,LOW
49.55392673588196,0.48509434550507247,41.00774326935784,39.58095206447976,47.34361768520483,41.338464477232236,44.701745263303856,HIGH
78.17336602065134,0.7648514878875124,70.30577736323971,67.9470826186549,69.67527425063102,78.69121020778059,69.62659958176798,MODERATE
58.49420103247265,0.5919472266360446,46.136818169563696,40.95391866403622,35.636730789206524,62.22482772317025,50.77444857018376,HIGH
66.41125877230871,0.7803004179839061,68.55875798011496,40.38369664939427,38.50107871618175,71.4317834259449,56.69383963519124,MODERATE
60.8781555223885,0.5160462418048276,43.61706318424303,47.233555695605915,44.63502439810344,65.7928331361258,51.53242931568735,MODERATE
64.56199940557221,0.6694568923292006,65.2147696002363,56.86506419243936,46.11092716608675,65.31311078925413,59.205696613686385,MODERATE
84.5475247851335,0.9429950108295779,85.21493274310662,69.30666696042881,61.1393390299856,68.68467697412007,78.86599027916856,LOW
61.341694359274626,0.6635263605867308,64.59457747346957,45.088891836955995,40.030642710208895,64.73032784715285,56.64969340677258,MODERATE
76.15225521632934,0.7804807138231676,72.98997274883048,65.29856956205212,51.85253856966983,77.83202038987469,66.87258683190271,MODERATE
71.18277212095049,0.811932330466219,79.05060357440692,50.90245054772559,48.59479536159753,72.92786061219948,67.72275687593364,MODERATE
81.50191409494565,0.5446959116495327,44.08848645958774,53.39673490524707,49.48153893671951,75.37111198211704,62.06486052957053,MODERATE
96.52563566286169,1.0,96.90621829245771,77.83828257694665,65.58189894154145,81.87854530327898,85.815801306182,LOW
85.29146534656377,0.7875070851528952,72.87281791746915,69.66774767730314,68.20542461982464,85.13977179102555,78.9603545986836,LOW
56.82172082249162,0.3851539185392705,25.08027018964537,43.12546540355313,44.54855585683027,60.00063285279607,46.12563041348568,HIGH
46.715072428370654,0.5182709842362045,48.7623526726359,39.740641617629564,38.88878193107253,56.98728143047355,42.933808700569514,HIGH
59.42452243649038,0.7316110788811996,65.54403192873826,35.816598164316865,32.40542738005617,50.65346990431097,49.704716159912266,HIGH
77.72928618851401,0.763548010422371,70.06572612474677,61.65984445923557,61.53406299503307,66.69672061185231,70.863645203058,LOW
47.828419741633766,0.5735716521366315,57.085304597977206,35.300089538973566,36.93618686440834,42.49869879093707,45.8720341023793,HIGH
72.300143596068,0.8842292617595445,76.53155447236227,51.87632377785171,50.819525437557566,73.69091022928113,74.022526755179,MODERATE
77.82635669042891,0.9097550122626938,89.9398126315504,61.20305260276355,54.01983872045157,65.99923128134549,75.67671577043957,LOW
63.383413994932845,0.7978305928864677,72.66923397399246,44.080403219282644,43.25938688587441,52.0399277924124,58.83796052149008,MODERATE
87.4001712060202,0.9482144611673913,86.41127169265488,77.43122828280244,79.5370701227897,89.89135309652875,81.7566973761228,LOW
50.86290392235745,0.5161724031137338,42.190843462154575,29.50214665567715,25.04389402983464,41.186667366788946,43.70983857442501,HIGH
49.13257799546948,0.331129198764978,22.783445436879667,25.409241138334483,34.62847577707991,56.0109435995529,31.96947324347555,HIGH
85.05038159119817,0.8258975670989869,78.79067095705797,63.570035708890636,57.76337925351918,75.34764210397161,74.56839424896756,LOW
72.25202239134092,0.63819556438179,63.669874788302266,45.935501575030614,43.800761562979766,74.63392710822905,62.07129354482563,MODERATE
82.86213180352547,1.0,89.14834506467632,71.54727233577366,64.60748073895329,77.38211526704328,80.20343115941468,LOW
68.91550362320604,0.6715664549888266,59.12179650866899,52.47562947127836,50.96820217731574,73.16502748829204,60.01002022773557,MODERATE
58.55211182815087,0.5978415989599573,47.242394347887,40.660765966426844,29.916619204929123,65.36554919081323,47.44898403489111,HIGH
90.05062747208098,0.9556548123248565,83.24465578897524,69.41083177644914,63.21008119354308,72.22246560328031,82.76225753986117,LOW
88.96787334329386,0.894038978070184,76.75400529020015,72.0418504271836,62.97915190408159,72.68254219449086,80.01539528085111,LOW
83.20830589699347,1.0,92.7235801003069,68.12578711996889,65.3961895034319,71.57381930901188,81.62073627424232,LOW
59.96798254764795,0.5374148893030343,48.73706299275044,51.434703841874786,53.835205527325584,61.3606943653884,53.910678590881005,HIGH
77.46268667779978,0.7940876123017221,67.53538819130165,61.88156899877424,62.017521484408284,79.73559327246994,68.73123551392852,MODERATE
64.85356433170148,0.5742885847472099,50.65944677928216,55.11499159642163,40.500945212306085,61.08169049124044,49.427182110120185,HIGH
50.037014032964876,0.3683678892075782,34.0851559747063,30.34599909982402,39.03904740947222,52.16907355185721,39.6885727590939,HIGH
95.45224665042335,0.8933455574137049,76.50994544794838,81.73040327548922,79.1202828148191,80.1317943762499,90.1509237225849,LOW
52.52502470054288,0.5215465673005876,38.916258578473546,46.101216124797915,39.913659616093014,58.11935643806802,42.93027624912801,HIGH
97.26305446014413,0.9297003221497154,85.97538587286898,76.48942625778504,73.45059453985048,97.15700579518472,83.59955863332877,LOW
69.53031751268756,0.62606107713949,61.47061180430219,50.67269110703077,49.020005664192695,60.996232668442005,56.93386997030172,MODERATE
